LONG_SCHOOL_YEAR,SCHOOL_DISTRCT_CD,SCHOOL_DSTRCT_NM,INSTN_NUMBER,INSTN_NAME,SUBGRP_DESC_sat,TEST_CMPNT_TYP_CD_sat,NATIONAL_NUM_TESTED_CNT_sat,STATE_NUM_TESTED_CNT_sat,DSTRCT_NUM_TESTED_CNT_sat,INSTN_NUM_TESTED_CNT_sat,STATE_AVG_SCORE_VAL_sat,DSTRCT_AVG_SCORE_VAL_sat,INSTN_AVG_SCORE_VAL_sat,Identifier,SUBGRP_DESC_act,TEST_CMPNT_TYP_CD_act,NATIONAL_NUM_TESTED_CNT_act,STATE_NUM_TESTED_CNT_act,DSTRCT_NUM_TESTED_CNT_act,INSTN_NUM_TESTED_CNT_act,NATIONAL_AVG_SCORE_VAL,STATE_AVG_SCORE_VAL_act,DSTRCT_AVG_SCORE_VAL_act,INSTN_AVG_SCORE_VAL_act
2019-20,601,Appling County,103,Appling County High School,All Students,Combined Test Score,2198460.0,43074.0,62,62,1028.0,1005,1005,601-103,All Students,Composite,1670497.0,26810.0,16,16,20.6,20.8,19.0,19.0
2019-20,605,Baldwin County,189,Baldwin High School,All Students,Combined Test Score,2198460.0,43074.0,83,83,1028.0,904,904,605-189,All Students,Composite,1670497.0,26810.0,41,41,20.6,20.8,15.6,15.6
2019-20,606,Banks County,199,Banks County High School,All Students,Combined Test Score,2198460.0,43074.0,68,68,1028.0,1043,1043,606-199,All Students,Composite,1670497.0,26810.0,28,28,20.6,20.8,20.1,20.1
2019-20,607,Barrow County,101,Apalachee High School,All Students,Combined Test Score,2198460.0,43074.0,362,199,1028.0,1004,996,607-101,All Students,Composite,1670497.0,26810.0,181,99,20.6,20.8,19.3,18.8
2019-20,607,Barrow County,3052,Winder-Barrow High School,All Students,Combined Test Score,2198460.0,43074.0,362,163,1028.0,1004,1013,607-3052,All Students,Composite,1670497.0,26810.0,181,82,20.6,20.8,19.3,19.9
2019-20,608,Bartow County,105,Adairsville High School,All Students,Combined Test Score,2198460.0,43074.0,231,60,1028.0,1007,1003,608-105,All Students,Composite,1670497.0,26810.0,181,40,20.6,20.8,20.2,20.5
2019-20,608,Bartow County,114,Cass High School,All Students,Combined Test Score,2198460.0,43074.0,231,88,1028.0,1007,988,608-114,All Students,Composite,1670497.0,26810.0,181,68,20.6,20.8,20.2,19.5
2019-20,608,Bartow County,198,Woodland High School,All Students,Combined Test Score,2198460.0,43074.0,231,83,1028.0,1007,1031,608-198,All Students,Composite,1670497.0,26810.0,181,73,20.6,20.8,20.2,20.7
2019-20,609,Ben Hill County,291,Fitzgerald High School,All Students,Combined Test Score,2198460.0,43074.0,75,75,1028.0,928,928,609-291,All Students,Composite,1670497.0,26810.0,13,13,20.6,20.8,16.0,16.0
2019-20,610,Berrien County,101,Berrien High School,All Students,Combined Test Score,2198460.0,43074.0,71,70,1028.0,1012,1015,610-101,All Students,Composite,1670497.0,26810.0,10,10,20.6,20.8,21.1,21.1
2019-20,611,Bibb County,105,Howard High School,All Students,Combined Test Score,2198460.0,43074.0,599.33,142.33,1028.0,915,977,611-105,All Students,Composite,1670497.0,26810.0,168,51,20.6,20.8,17.7,20.1
2019-20,611,Bibb County,186,Central High School,All Students,Combined Test Score,2198460.0,43074.0,599.33,110,1028.0,915,958,611-186,All Students,Composite,1670497.0,26810.0,168,43,20.6,20.8,17.7,18.4
2019-20,611,Bibb County,198,Westside High School,All Students,Combined Test Score,2198460.0,43074.0,599.33,76,1028.0,915,877,611-198,All Students,Composite,1670497.0,26810.0,168,35,20.6,20.8,17.7,15.3
2019-20,611,Bibb County,204,Rutland High School,All Students,Combined Test Score,2198460.0,43074.0,599.33,110,1028.0,915,922,611-204,All Students,Composite,1670497.0,26810.0,168,12,20.6,20.8,17.7,17.4
2019-20,611,Bibb County,286,Northeast High School,All Students,Combined Test Score,2198460.0,43074.0,599.33,80,1028.0,915,849,611-286,All Students,Composite,1670497.0,26810.0,168,11,20.6,20.8,17.7,14.9
2019-20,611,Bibb County,386,Southwest High School,All Students,Combined Test Score,2198460.0,43074.0,599.33,81,1028.0,915,836,611-386,All Students,Composite,1670497.0,26810.0,168,16,20.6,20.8,17.7,15.6
2019-20,612,Bleckley County,105,Bleckley County High School,All Students,Combined Test Score,2198460.0,43074.0,61,61,1028.0,1107,1107,612-105,All Students,Composite,1670497.0,26810.0,26,26,20.6,20.8,19.0,19.0
2019-20,613,Brantley County,1050,Brantley County High School,All Students,Combined Test Score,2198460.0,43074.0,54,54,1028.0,1034,1034,613-1050,All Students,Composite,1670497.0,26810.0,29,29,20.6,20.8,20.7,20.7
2019-20,614,Brooks County,110,Brooks County High School,All Students,Combined Test Score,2198460.0,43074.0,28,28,1028.0,1025,1025,614-110,All Students,Composite,1670497.0,26810.0,29,29,20.6,20.8,16.8,16.8
2019-20,615,Bryan County,182,Richmond Hill High School,All Students,Combined Test Score,2198460.0,43074.0,289,257,1028.0,1065,1069,615-182,All Students,Composite,1670497.0,26810.0,102,90,20.6,20.8,21.9,22.1
2019-20,615,Bryan County,502,Bryan County High School,All Students,Combined Test Score,2198460.0,43074.0,289,32,1028.0,1065,1032,615-502,All Students,Composite,1670497.0,26810.0,102,12,20.6,20.8,21.9,20.4
2019-20,616,Bulloch County,203,Southeast Bulloch High School,All Students,Combined Test Score,2198460.0,43074.0,174,61,1028.0,1039,1113,616-203,All Students,Composite,1670497.0,26810.0,108,28,20.6,20.8,19.9,20.1
2019-20,616,Bulloch County,2054,Statesboro High School,All Students,Combined Test Score,2198460.0,43074.0,174,93,1028.0,1039,996,616-2054,All Students,Composite,1670497.0,26810.0,108,70,20.6,20.8,19.9,19.7
2019-20,616,Bulloch County,4052,Portal Middle/High School,All Students,Combined Test Score,2198460.0,43074.0,174,20,1028.0,1039,1016,616-4052,All Students,Composite,1670497.0,26810.0,108,10,20.6,20.8,19.9,20.6
2019-20,617,Burke County,288,Burke County High School,All Students,Combined Test Score,2198460.0,43074.0,80,80,1028.0,975,975,617-288,All Students,Composite,1670497.0,26810.0,10,10,20.6,20.8,17.7,17.7
2019-20,618,Butts County,190,Jackson High School,All Students,Combined Test Score,2198460.0,43074.0,89,89,1028.0,971,971,618-190,All Students,Composite,1670497.0,26810.0,52,52,20.6,20.8,18.2,18.2
2019-20,620,Camden County,295,Camden County High School,All Students,Combined Test Score,2198460.0,43074.0,216,216,1028.0,1055,1055,620-295,All Students,Composite,1670497.0,26810.0,108,108,20.6,20.8,20.8,20.8
2019-20,621,Candler County,101,Metter High School,All Students,Combined Test Score,2198460.0,43074.0,37,37,1028.0,1011,1011,621-101,All Students,Composite,1670497.0,26810.0,11,11,20.6,20.8,17.9,17.9
2019-20,622,Carroll County,189,Temple High School,All Students,Combined Test Score,2198460.0,43074.0,268,33,1028.0,1013,1054,622-189,All Students,Composite,1670497.0,26810.0,179,18,20.6,20.8,19.9,21.7
2019-20,622,Carroll County,212,Mt. Zion High School,All Students,Combined Test Score,2198460.0,43074.0,268,23,1028.0,1013,1013,622-212,All Students,Composite,1670497.0,26810.0,179,10,20.6,20.8,19.9,18.6
2019-20,622,Carroll County,2052,Central High School,All Students,Combined Test Score,2198460.0,43074.0,268,72,1028.0,1013,1012,622-2052,All Students,Composite,1670497.0,26810.0,179,65,20.6,20.8,19.9,19.6
2019-20,622,Carroll County,3050,Bowdon High School,All Students,Combined Test Score,2198460.0,43074.0,268,17,1028.0,1013,1024,622-3050,All Students,Composite,1670497.0,26810.0,179,26,20.6,20.8,19.9,20.4
2019-20,622,Carroll County,5054,Villa Rica High School,All Students,Combined Test Score,2198460.0,43074.0,268,123,1028.0,1013,1000,622-5054,All Students,Composite,1670497.0,26810.0,179,60,20.6,20.8,19.9,19.7
2019-20,623,Catoosa County,109,Heritage High School,All Students,Combined Test Score,2198460.0,43074.0,49,32,1028.0,1056,1082,623-109,All Students,Composite,1670497.0,26810.0,267,115,20.6,20.8,19.9,20.7
2019-20,623,Catoosa County,4052,Ringgold High School,All Students,Combined Test Score,2198460.0,43074.0,49,11,1028.0,1056,1015,623-4052,All Students,Composite,1670497.0,26810.0,267,91,20.6,20.8,19.9,19.8
2019-20,625,Savannah-Chatham County,101,Johnson High School,All Students,Combined Test Score,2198460.0,43074.0,785,61,1028.0,993,883,625-101,All Students,Composite,1670497.0,26810.0,261,16,20.6,20.8,19.4,15.3
2019-20,625,Savannah-Chatham County,108,Early College Program,All Students,Combined Test Score,2198460.0,43074.0,785,29,1028.0,993,976,625-108,All Students,Composite,1670497.0,26810.0,261,13,20.6,20.8,19.4,18.8
2019-20,625,Savannah-Chatham County,115,Woodville-Tompkins Technical and Career High School,All Students,Combined Test Score,2198460.0,43074.0,785,92,1028.0,993,951,625-115,All Students,Composite,1670497.0,26810.0,261,18,20.6,20.8,19.4,18.7
2019-20,625,Savannah-Chatham County,117,New Hampstead High School,All Students,Combined Test Score,2198460.0,43074.0,785,79,1028.0,993,904,625-117,All Students,Composite,1670497.0,26810.0,261,19,20.6,20.8,19.4,16.9
2019-20,625,Savannah-Chatham County,411,Islands High School,All Students,Combined Test Score,2198460.0,43074.0,785,121,1028.0,993,1027,625-411,All Students,Composite,1670497.0,26810.0,261,37,20.6,20.8,19.4,20.1
2019-20,625,Savannah-Chatham County,499,Savannah Arts Academy,All Students,Combined Test Score,2198460.0,43074.0,785,159,1028.0,993,1167,625-499,All Students,Composite,1670497.0,26810.0,261,67,20.6,20.8,19.4,25.5
2019-20,625,Savannah-Chatham County,2052,Beach High School,All Students,Combined Test Score,2198460.0,43074.0,785,40,1028.0,993,894,625-2052,All Students,Composite,1670497.0,26810.0,261,45,20.6,20.8,19.4,14.7
2019-20,625,Savannah-Chatham County,5060,Jenkins High School,All Students,Combined Test Score,2198460.0,43074.0,785,79,1028.0,993,1017,625-5060,All Students,Composite,1670497.0,26810.0,261,31,20.6,20.8,19.4,18.5
2019-20,625,Savannah-Chatham County,5070,Windsor Forest High School,All Students,Combined Test Score,2198460.0,43074.0,785,62,1028.0,993,929,625-5070,All Students,Composite,1670497.0,26810.0,261,10,20.6,20.8,19.4,15.0
2019-20,627,Chattooga County,1050,Chattooga High School,All Students,Combined Test Score,2198460.0,43074.0,29,29,1028.0,965,965,627-1050,All Students,Composite,1670497.0,26810.0,43,43,20.6,20.8,19.1,19.1
2019-20,628,Cherokee County,106,Creekview High School,All Students,Combined Test Score,2198460.0,43074.0,1178,249,1028.0,1079,1090,628-106,All Students,Composite,1670497.0,26810.0,970,159,20.6,20.8,22.3,22.4
2019-20,628,Cherokee County,115,River Ridge High School,All Students,Combined Test Score,2198460.0,43074.0,1178,215,1028.0,1079,1061,628-115,All Students,Composite,1670497.0,26810.0,970,120,20.6,20.8,22.3,21.8
2019-20,628,Cherokee County,176,Etowah High School,All Students,Combined Test Score,2198460.0,43074.0,1178,193,1028.0,1079,1076,628-176,All Students,Composite,1670497.0,26810.0,970,199,20.6,20.8,22.3,22.7
2019-20,628,Cherokee County,191,Sequoyah High School,All Students,Combined Test Score,2198460.0,43074.0,1178,162,1028.0,1079,1087,628-191,All Students,Composite,1670497.0,26810.0,970,127,20.6,20.8,22.3,22.7
2019-20,628,Cherokee County,197,Woodstock High School,All Students,Combined Test Score,2198460.0,43074.0,1178,216,1028.0,1079,1073,628-197,All Students,Composite,1670497.0,26810.0,970,166,20.6,20.8,22.3,22.4
2019-20,628,Cherokee County,5050,Cherokee High School,All Students,Combined Test Score,2198460.0,43074.0,1178,135,1028.0,1079,1095,628-5050,All Students,Composite,1670497.0,26810.0,970,196,20.6,20.8,22.3,21.7
2019-20,629,Clarke County,102,Cedar Shoals High School,All Students,Combined Test Score,2198460.0,43074.0,318,145,1028.0,967,951,629-102,All Students,Composite,1670497.0,26810.0,257,120,20.6,20.8,18.5,17.5
2019-20,629,Clarke County,5556,Clarke Central High School,All Students,Combined Test Score,2198460.0,43074.0,318,172,1028.0,967,980,629-5556,All Students,Composite,1670497.0,26810.0,257,137,20.6,20.8,18.5,19.4
2019-20,631,Clayton County,104,Mundy's Mill High School,All Students,Combined Test Score,2198460.0,43074.0,990,81,1028.0,958,910,631-104,All Students,Composite,1670497.0,26810.0,760,106,20.6,20.8,17.4,16.5
2019-20,631,Clayton County,114,Elite Scholars Academy School,All Students,Combined Test Score,2198460.0,43074.0,990,47,1028.0,958,1090,631-114,All Students,Composite,1670497.0,26810.0,760,22,20.6,20.8,17.4,20.7
2019-20,631,Clayton County,115,Charles R. Drew High School,All Students,Combined Test Score,2198460.0,43074.0,990,86,1028.0,958,956,631-115,All Students,Composite,1670497.0,26810.0,760,50,20.6,20.8,17.4,16.9
2019-20,631,Clayton County,190,Lovejoy High School,All Students,Combined Test Score,2198460.0,43074.0,990,176,1028.0,958,939,631-190,All Students,Composite,1670497.0,26810.0,760,109,20.6,20.8,17.4,17.0
2019-20,631,Clayton County,215,Martha Ellen Stilwell School for the Performing Arts,All Students,Combined Test Score,2198460.0,43074.0,990,74,1028.0,958,1065,631-215,All Students,Composite,1670497.0,26810.0,760,61,20.6,20.8,17.4,21.9
2019-20,631,Clayton County,290,Mount Zion High School,All Students,Combined Test Score,2198460.0,43074.0,990,73,1028.0,958,909,631-290,All Students,Composite,1670497.0,26810.0,760,75,20.6,20.8,17.4,16.3
2019-20,631,Clayton County,377,Riverdale High School,All Students,Combined Test Score,2198460.0,43074.0,990,76,1028.0,958,922,631-377,All Students,Composite,1670497.0,26810.0,760,69,20.6,20.8,17.4,17.3
2019-20,631,Clayton County,1054,Forest Park High School,All Students,Combined Test Score,2198460.0,43074.0,990,99,1028.0,958,949,631-1054,All Students,Composite,1670497.0,26810.0,760,70,20.6,20.8,17.4,17.0
2019-20,631,Clayton County,1056,Jonesboro High School,All Students,Combined Test Score,2198460.0,43074.0,990,83,1028.0,958,944,631-1056,All Students,Composite,1670497.0,26810.0,760,48,20.6,20.8,17.4,17.2
2019-20,631,Clayton County,2052,North Clayton High School,All Students,Combined Test Score,2198460.0,43074.0,990,33,1028.0,958,938,631-2052,All Students,Composite,1670497.0,26810.0,760,82,20.6,20.8,17.4,16.4
2019-20,631,Clayton County,4058,Morrow High School,All Students,Combined Test Score,2198460.0,43074.0,990,143,1028.0,958,992,631-4058,All Students,Composite,1670497.0,26810.0,760,65,20.6,20.8,17.4,18.4
2019-20,633,Cobb County,101,Kennesaw Mountain High School,All Students,Combined Test Score,2198460.0,43074.0,3426,185,1028.0,1076,1108,633-101,All Students,Composite,1670497.0,26810.0,2143,118,20.6,20.8,22.5,23.3
2019-20,633,Cobb County,103,Kell High School,All Students,Combined Test Score,2198460.0,43074.0,3426,146,1028.0,1076,1058,633-103,All Students,Composite,1670497.0,26810.0,2143,98,20.6,20.8,22.5,20.8
2019-20,633,Cobb County,175,Walton High School,All Students,Combined Test Score,2198460.0,43074.0,3426,284,1028.0,1076,1240,633-175,All Students,Composite,1670497.0,26810.0,2143,194,20.6,20.8,22.5,27.3
2019-20,633,Cobb County,188,Pope High School,All Students,Combined Test Score,2198460.0,43074.0,3426,193,1028.0,1076,1161,633-188,All Students,Composite,1670497.0,26810.0,2143,160,20.6,20.8,22.5,25.5
2019-20,633,Cobb County,192,Harrison High School,All Students,Combined Test Score,2198460.0,43074.0,3426,273,1028.0,1076,1102,633-192,All Students,Composite,1670497.0,26810.0,2143,179,20.6,20.8,22.5,23.6
2019-20,633,Cobb County,209,Allatoona High School,All Students,Combined Test Score,2198460.0,43074.0,3426,160,1028.0,1076,1064,633-209,All Students,Composite,1670497.0,26810.0,2143,93,20.6,20.8,22.5,22.6
2019-20,633,Cobb County,373,Sprayberry High School,All Students,Combined Test Score,2198460.0,43074.0,3426,179,1028.0,1076,1019,633-373,All Students,Composite,1670497.0,26810.0,2143,75,20.6,20.8,22.5,20.9
2019-20,633,Cobb County,381,Lassiter High School,All Students,Combined Test Score,2198460.0,43074.0,3426,270,1028.0,1076,1175,633-381,All Students,Composite,1670497.0,26810.0,2143,175,20.6,20.8,22.5,25.5
2019-20,633,Cobb County,707,Hillgrove High School,All Students,Combined Test Score,2198460.0,43074.0,3426,278,1028.0,1076,1095,633-707,All Students,Composite,1670497.0,26810.0,2143,204,20.6,20.8,22.5,21.5
2019-20,633,Cobb County,1054,Campbell High School,All Students,Combined Test Score,2198460.0,43074.0,3426,276,1028.0,1076,1058,633-1054,All Students,Composite,1670497.0,26810.0,2143,149,20.6,20.8,22.5,23.2
2019-20,633,Cobb County,1064,McEachern High School,All Students,Combined Test Score,2198460.0,43074.0,3426,207,1028.0,1076,1003,633-1064,All Students,Composite,1670497.0,26810.0,2143,128,20.6,20.8,22.5,19.2
2019-20,633,Cobb County,1069,Wheeler High School,All Students,Combined Test Score,2198460.0,43074.0,3426,151,1028.0,1076,1064,633-1069,All Students,Composite,1670497.0,26810.0,2143,76,20.6,20.8,22.5,21.8
2019-20,633,Cobb County,2056,North Cobb High School,All Students,Combined Test Score,2198460.0,43074.0,3426,316,1028.0,1076,1040,633-2056,All Students,Composite,1670497.0,26810.0,2143,202,20.6,20.8,22.5,21.8
2019-20,633,Cobb County,2066,Osborne High School,All Students,Combined Test Score,2198460.0,43074.0,3426,123,1028.0,1076,968,633-2066,All Students,Composite,1670497.0,26810.0,2143,52,20.6,20.8,22.5,18.2
2019-20,633,Cobb County,3056,South Cobb High School,All Students,Combined Test Score,2198460.0,43074.0,3426,163,1028.0,1076,960,633-3056,All Students,Composite,1670497.0,26810.0,2143,101,20.6,20.8,22.5,18.4
2019-20,633,Cobb County,4066,Pebblebrook High School,All Students,Combined Test Score,2198460.0,43074.0,3426,218,1028.0,1076,948,633-4066,All Students,Composite,1670497.0,26810.0,2143,135,20.6,20.8,22.5,18.5
2019-20,634,Coffee County,195,Coffee County High School,All Students,Combined Test Score,2198460.0,43074.0,124,119,1028.0,983,983,634-195,All Students,Composite,1670497.0,26810.0,43,43,20.6,20.8,19.9,19.9
2019-20,635,Colquitt County,1554,Colquitt County High School,All Students,Combined Test Score,2198460.0,43074.0,107,107,1028.0,1025,1025,635-1554,All Students,Composite,1670497.0,26810.0,89,86,20.6,20.8,18.6,18.8
2019-20,636,Columbia County,112,Grovetown High School,All Students,Combined Test Score,2198460.0,43074.0,848,181,1028.0,1072,1027,636-112,All Students,Composite,1670497.0,26810.0,325,48,20.6,20.8,22.7,19.0
2019-20,636,Columbia County,183,Harlem High School,All Students,Combined Test Score,2198460.0,43074.0,848,86,1028.0,1072,1003,636-183,All Students,Composite,1670497.0,26810.0,325,36,20.6,20.8,22.7,19.4
2019-20,636,Columbia County,189,Lakeside High School,All Students,Combined Test Score,2198460.0,43074.0,848,216,1028.0,1072,1120,636-189,All Students,Composite,1670497.0,26810.0,325,99,20.6,20.8,22.7,25.5
2019-20,636,Columbia County,197,Greenbrier High School,All Students,Combined Test Score,2198460.0,43074.0,848,201,1028.0,1072,1093,636-197,All Students,Composite,1670497.0,26810.0,325,78,20.6,20.8,22.7,23.2
2019-20,636,Columbia County,4050,Evans High School,All Students,Combined Test Score,2198460.0,43074.0,848,164,1028.0,1072,1069,636-4050,All Students,Composite,1670497.0,26810.0,325,64,20.6,20.8,22.7,22.6
2019-20,637,Cook County,111,Cook High School,All Students,Combined Test Score,2198460.0,43074.0,60,60,1028.0,967,967,637-111,All Students,Composite,1670497.0,26810.0,18,18,20.6,20.8,17.3,17.3
2019-20,638,Coweta County,196,Northgate High School,All Students,Combined Test Score,2198460.0,43074.0,429,150,1028.0,1073,1113,638-196,All Students,Composite,1670497.0,26810.0,543,148,20.6,20.8,21.3,22.9
2019-20,638,Coweta County,389,East Coweta High School,All Students,Combined Test Score,2198460.0,43074.0,429,176,1028.0,1073,1046,638-389,All Students,Composite,1670497.0,26810.0,543,252,20.6,20.8,21.3,20.9
2019-20,638,Coweta County,5054,Newnan High School,All Students,Combined Test Score,2198460.0,43074.0,429,103,1028.0,1073,1060,638-5054,All Students,Composite,1670497.0,26810.0,543,143,20.6,20.8,21.3,20.5
2019-20,639,Crawford County,193,Crawford County High School,All Students,Combined Test Score,2198460.0,43074.0,32,32,1028.0,995,995,639-193,All Students,Composite,1670497.0,26810.0,13,13,20.6,20.8,17.9,17.9
2019-20,640,Crisp County,196,Crisp County High School,All Students,Combined Test Score,2198460.0,43074.0,80,80,1028.0,994,994,640-196,All Students,Composite,1670497.0,26810.0,53,53,20.6,20.8,18.9,18.9
2019-20,641,Dade County,195,Dade County High School,All Students,Combined Test Score,2198460.0,43074.0,30,30,1028.0,959,959,641-195,All Students,Composite,1670497.0,26810.0,61,61,20.6,20.8,19.9,19.9
2019-20,642,Dawson County,198,Dawson County High School,All Students,Combined Test Score,2198460.0,43074.0,93,93,1028.0,1064,1064,642-198,All Students,Composite,1670497.0,26810.0,65,65,20.6,20.8,21.3,21.3
2019-20,643,Decatur County,3050,Bainbridge High School,All Students,Combined Test Score,2198460.0,43074.0,52,52,1028.0,1018,1018,643-3050,All Students,Composite,1670497.0,26810.0,57,57,20.6,20.8,19.1,19.1
2019-20,644,DeKalb County,103,"Martin Luther King, Jr. High School",All Students,Combined Test Score,2198460.0,43074.0,2569,81,1028.0,966,877,644-103,All Students,Composite,1670497.0,26810.0,1337,58,20.6,20.8,20.0,15.0
2019-20,644,DeKalb County,105,Miller Grove High School,All Students,Combined Test Score,2198460.0,43074.0,2569,80,1028.0,966,930,644-105,All Students,Composite,1670497.0,26810.0,1337,28,20.6,20.8,20.0,16.8
2019-20,644,DeKalb County,172,Cedar Grove High School,All Students,Combined Test Score,2198460.0,43074.0,2569,94,1028.0,966,917,644-172,All Students,Composite,1670497.0,26810.0,1337,61,20.6,20.8,20.0,16.8
2019-20,644,DeKalb County,176,Redan High School,All Students,Combined Test Score,2198460.0,43074.0,2569,85,1028.0,966,903,644-176,All Students,Composite,1670497.0,26810.0,1337,48,20.6,20.8,20.0,15.9
2019-20,644,DeKalb County,202,Lithonia High School,All Students,Combined Test Score,2198460.0,43074.0,2569,91,1028.0,966,902,644-202,All Students,Composite,1670497.0,26810.0,1337,57,20.6,20.8,20.0,16.6
2019-20,644,DeKalb County,276,Stone Mountain High School,All Students,Combined Test Score,2198460.0,43074.0,2569,150,1028.0,966,878,644-276,All Students,Composite,1670497.0,26810.0,1337,14,20.6,20.8,20.0,18.0
2019-20,644,DeKalb County,407,Dekalb Early College Academy,All Students,Combined Test Score,2198460.0,43074.0,2569,42,1028.0,966,1152,644-407,All Students,Composite,1670497.0,26810.0,1337,15,20.6,20.8,20.0,23.7
2019-20,644,DeKalb County,410,DeKalb School of the Arts,All Students,Combined Test Score,2198460.0,43074.0,2569,61,1028.0,966,1157,644-410,All Students,Composite,1670497.0,26810.0,1337,40,20.6,20.8,20.0,23.1
2019-20,644,DeKalb County,497,Stephenson High School,All Students,Combined Test Score,2198460.0,43074.0,2569,143,1028.0,966,955,644-497,All Students,Composite,1670497.0,26810.0,1337,85,20.6,20.8,20.0,18.2
2019-20,644,DeKalb County,610,"Arabia Mountain High School - Academy of Engineering, Medicine and Environm",All Students,Combined Test Score,2198460.0,43074.0,2569,210,1028.0,966,1011,644-610,All Students,Composite,1670497.0,26810.0,1337,175,20.6,20.8,20.0,19.5
2019-20,644,DeKalb County,1070,Tucker High School,All Students,Combined Test Score,2198460.0,43074.0,2569,171,1028.0,966,957,644-1070,All Students,Composite,1670497.0,26810.0,1337,84,20.6,20.8,20.0,18.9
2019-20,644,DeKalb County,2054,Columbia High School,All Students,Combined Test Score,2198460.0,43074.0,2569,116,1028.0,966,894,644-2054,All Students,Composite,1670497.0,26810.0,1337,19,20.6,20.8,20.0,16.4
2019-20,644,DeKalb County,2055,Druid Hills High School,All Students,Combined Test Score,2198460.0,43074.0,2569,125,1028.0,966,1027,644-2055,All Students,Composite,1670497.0,26810.0,1337,80,20.6,20.8,20.0,22.0
2019-20,644,DeKalb County,3060,Lakeside High School,All Students,Combined Test Score,2198460.0,43074.0,2569,186,1028.0,966,1066,644-3060,All Students,Composite,1670497.0,26810.0,1337,130,20.6,20.8,20.0,23.8
2019-20,644,DeKalb County,3070,McNair High School,All Students,Combined Test Score,2198460.0,43074.0,2569,57,1028.0,966,864,644-3070,All Students,Composite,1670497.0,26810.0,1337,13,20.6,20.8,20.0,15.4
2019-20,644,DeKalb County,4053,Clarkston High School,All Students,Combined Test Score,2198460.0,43074.0,2569,212,1028.0,966,861,644-4053,All Students,Composite,1670497.0,26810.0,1337,48,20.6,20.8,20.0,17.4
2019-20,644,DeKalb County,4054,Cross Keys High School,All Students,Combined Test Score,2198460.0,43074.0,2569,69,1028.0,966,1001,644-4054,All Students,Composite,1670497.0,26810.0,1337,13,20.6,20.8,20.0,17.2
2019-20,644,DeKalb County,4069,Towers High School,All Students,Combined Test Score,2198460.0,43074.0,2569,128,1028.0,966,850,644-4069,All Students,Composite,1670497.0,26810.0,1337,17,20.6,20.8,20.0,16.8
2019-20,644,DeKalb County,5052,Chamblee Charter High School,All Students,Combined Test Score,2198460.0,43074.0,2569,161,1028.0,966,1123,644-5052,All Students,Composite,1670497.0,26810.0,1337,94,20.6,20.8,20.0,25.3
2019-20,644,DeKalb County,5055,Dunwoody High School,All Students,Combined Test Score,2198460.0,43074.0,2569,175,1028.0,966,1073,644-5055,All Students,Composite,1670497.0,26810.0,1337,167,20.6,20.8,20.0,23.7
2019-20,644,DeKalb County,5067,Southwest DeKalb High School,All Students,Combined Test Score,2198460.0,43074.0,2569,124,1028.0,966,912,644-5067,All Students,Composite,1670497.0,26810.0,1337,89,20.6,20.8,20.0,16.8
2019-20,645,Dodge County,103,Dodge County High School,All Students,Combined Test Score,2198460.0,43074.0,62,62,1028.0,979,979,645-103,All Students,Composite,1670497.0,26810.0,28,28,20.6,20.8,18.6,18.6
2019-20,646,Dooly County,182,Dooly County High School,All Students,Combined Test Score,2198460.0,43074.0,63,63,1028.0,795,795,646-182,All Students,Composite,1670497.0,26810.0,20,20,20.6,20.8,15.9,15.9
2019-20,647,Dougherty County,1058,Monroe High School,All Students,Combined Test Score,2198460.0,43074.0,359,78,1028.0,912,862,647-1058,All Students,Composite,1670497.0,26810.0,80,19,20.6,20.8,16.9,15.6
2019-20,647,Dougherty County,2052,Dougherty Comprehensive High School,All Students,Combined Test Score,2198460.0,43074.0,359,135,1028.0,912,877,647-2052,All Students,Composite,1670497.0,26810.0,80,14,20.6,20.8,16.9,16.8
2019-20,647,Dougherty County,4062,Westover High School,All Students,Combined Test Score,2198460.0,43074.0,359,146,1028.0,912,972,647-4062,All Students,Composite,1670497.0,26810.0,80,47,20.6,20.8,16.9,17.5
2019-20,648,Douglas County,100,Chapel Hill High School,All Students,Combined Test Score,2198460.0,43074.0,738,144,1028.0,995,1029,648-100,All Students,Composite,1670497.0,26810.0,650,119,20.6,20.8,19.1,20.3
2019-20,648,Douglas County,175,Lithia Springs Comprehensive High School,All Students,Combined Test Score,2198460.0,43074.0,738,135,1028.0,995,949,648-175,All Students,Composite,1670497.0,26810.0,650,86,20.6,20.8,19.1,16.5
2019-20,648,Douglas County,187,Alexander High School,All Students,Combined Test Score,2198460.0,43074.0,738,133,1028.0,995,1018,648-187,All Students,Composite,1670497.0,26810.0,650,169,20.6,20.8,19.1,20.4
2019-20,648,Douglas County,212,New Manchester High School,All Students,Combined Test Score,2198460.0,43074.0,738,132,1028.0,995,938,648-212,All Students,Composite,1670497.0,26810.0,650,115,20.6,20.8,19.1,17.5
2019-20,648,Douglas County,4050,Douglas County High School,All Students,Combined Test Score,2198460.0,43074.0,738,194,1028.0,995,1026,648-4050,All Students,Composite,1670497.0,26810.0,650,161,20.6,20.8,19.1,19.4
2019-20,649,Early County,2050,Early County High School,All Students,Combined Test Score,2198460.0,43074.0,45,45,1028.0,972,972,649-2050,All Students,Composite,1670497.0,26810.0,47,47,20.6,20.8,16.6,16.6
2019-20,650,Echols County,1050,Echols County High School,All Students,Combined Test Score,2198460.0,43074.0,12,12,1028.0,955,955,650-1050,All Students,Composite,1670497.0,26810.0,14,14,20.6,20.8,17.2,17.2
2019-20,651,Effingham County,197,South Effingham High School,All Students,Combined Test Score,2198460.0,43074.0,239,124,1028.0,1049,1061,651-197,All Students,Composite,1670497.0,26810.0,139,70,20.6,20.8,21.4,21.8
2019-20,651,Effingham County,390,Effingham County High School,All Students,Combined Test Score,2198460.0,43074.0,239,115,1028.0,1049,1036,651-390,All Students,Composite,1670497.0,26810.0,139,69,20.6,20.8,21.4,20.9
2019-20,652,Elbert County,176,Elbert County High School,All Students,Combined Test Score,2198460.0,43074.0,52,52,1028.0,968,968,652-176,All Students,Composite,1670497.0,26810.0,18,18,20.6,20.8,17.5,17.5
2019-20,653,Emanuel County,189,Swainsboro High School,All Students,Combined Test Score,2198460.0,43074.0,91,60,1028.0,968,965,653-189,All Students,Composite,1670497.0,26810.0,35,30,20.6,20.8,19.2,19.4
2019-20,655,Fannin County,176,Fannin County High School,All Students,Combined Test Score,2198460.0,43074.0,75,75,1028.0,1043,1043,655-176,All Students,Composite,1670497.0,26810.0,32,32,20.6,20.8,21.6,21.6
2019-20,656,Fayette County,105,Whitewater High School,All Students,Combined Test Score,2198460.0,43074.0,732,170,1028.0,1101,1074,656-105,All Students,Composite,1670497.0,26810.0,617,141,20.6,20.8,22.9,22.1
2019-20,656,Fayette County,182,McIntosh High School,All Students,Combined Test Score,2198460.0,43074.0,732,155,1028.0,1101,1184,656-182,All Students,Composite,1670497.0,26810.0,617,155,20.6,20.8,22.9,25.5
2019-20,656,Fayette County,192,Sandy Creek High School,All Students,Combined Test Score,2198460.0,43074.0,732,101,1028.0,1101,1037,656-192,All Students,Composite,1670497.0,26810.0,617,85,20.6,20.8,22.9,20.3
2019-20,656,Fayette County,198,Starrs Mill High School,All Students,Combined Test Score,2198460.0,43074.0,732,164,1028.0,1101,1133,656-198,All Students,Composite,1670497.0,26810.0,617,146,20.6,20.8,22.9,24.2
2019-20,656,Fayette County,398,Fayette County High School,All Students,Combined Test Score,2198460.0,43074.0,732,142,1028.0,1101,1049,656-398,All Students,Composite,1670497.0,26810.0,617,90,20.6,20.8,22.9,20.0
2019-20,657,Floyd County,111,Model High,All Students,Combined Test Score,2198460.0,43074.0,96,43,1028.0,1064,1102,657-111,All Students,Composite,1670497.0,26810.0,201,51,20.6,20.8,19.8,20.4
2019-20,657,Floyd County,401,Armuchee High School,All Students,Combined Test Score,2198460.0,43074.0,96,28,1028.0,1064,1053,657-401,All Students,Composite,1670497.0,26810.0,201,50,20.6,20.8,19.8,20.8
2019-20,657,Floyd County,5050,Coosa High School,All Students,Combined Test Score,2198460.0,43074.0,96,16,1028.0,1064,1014,657-5050,All Students,Composite,1670497.0,26810.0,201,43,20.6,20.8,19.8,18.9
2019-20,658,Forsyth County,107,West Forsyth High School,All Students,Combined Test Score,2198460.0,43074.0,1330,248,1028.0,1130,1110,658-107,All Students,Composite,1670497.0,26810.0,1074,210,20.6,20.8,24.6,24.0
2019-20,658,Forsyth County,190,South Forsyth High School,All Students,Combined Test Score,2198460.0,43074.0,1330,251,1028.0,1130,1169,658-190,All Students,Composite,1670497.0,26810.0,1074,257,20.6,20.8,24.6,25.9
2019-20,658,Forsyth County,195,North Forsyth High School,All Students,Combined Test Score,2198460.0,43074.0,1330,231,1028.0,1130,1090,658-195,All Students,Composite,1670497.0,26810.0,1074,119,20.6,20.8,24.6,21.7
2019-20,658,Forsyth County,214,Lambert High School,All Students,Combined Test Score,2198460.0,43074.0,1330,308,1028.0,1130,1187,658-214,All Students,Composite,1670497.0,26810.0,1074,329,20.6,20.8,24.6,26.0
2019-20,658,Forsyth County,5050,Forsyth Central High School,All Students,Combined Test Score,2198460.0,43074.0,1330,285,1028.0,1130,1085,658-5050,All Students,Composite,1670497.0,26810.0,1074,156,20.6,20.8,24.6,22.9
2019-20,659,Franklin County,3050,Franklin County High School,All Students,Combined Test Score,2198460.0,43074.0,85,85,1028.0,986,986,659-3050,All Students,Composite,1670497.0,26810.0,39,39,20.6,20.8,18.6,18.6
2019-20,660,Fulton County,106,Milton High School,All Students,Combined Test Score,2198460.0,43074.0,3554,250,1028.0,1033,1124,660-106,All Students,Composite,1670497.0,26810.0,2071,219,20.6,20.8,23.5,25.6
2019-20,660,Fulton County,118,Hapeville Charter Career Academy,All Students,Combined Test Score,2198460.0,43074.0,3554,105,1028.0,1033,871,660-118,All Students,Composite,1670497.0,26810.0,2071,32,20.6,20.8,23.5,16.0
2019-20,660,Fulton County,119,Cambridge High School,All Students,Combined Test Score,2198460.0,43074.0,3554,243,1028.0,1033,1185,660-119,All Students,Composite,1670497.0,26810.0,2071,214,20.6,20.8,23.5,25.8
2019-20,660,Fulton County,176,Banneker High School,All Students,Combined Test Score,2198460.0,43074.0,3554,230,1028.0,1033,844,660-176,All Students,Composite,1670497.0,26810.0,2071,32,20.6,20.8,23.5,17.6
2019-20,660,Fulton County,191,Roswell High School,All Students,Combined Test Score,2198460.0,43074.0,3554,226,1028.0,1033,1112,660-191,All Students,Composite,1670497.0,26810.0,2071,164,20.6,20.8,23.5,24.4
2019-20,660,Fulton County,198,Centennial High School,All Students,Combined Test Score,2198460.0,43074.0,3554,206,1028.0,1033,1061,660-198,All Students,Composite,1670497.0,26810.0,2071,124,20.6,20.8,23.5,23.5
2019-20,660,Fulton County,203,Northview High School,All Students,Combined Test Score,2198460.0,43074.0,3554,204,1028.0,1033,1239,660-203,All Students,Composite,1670497.0,26810.0,2071,133,20.6,20.8,23.5,27.0
2019-20,660,Fulton County,205,Alpharetta High School,All Students,Combined Test Score,2198460.0,43074.0,3554,248,1028.0,1033,1143,660-205,All Students,Composite,1670497.0,26810.0,2071,214,20.6,20.8,23.5,25.1
2019-20,660,Fulton County,291,Creekside High School,All Students,Combined Test Score,2198460.0,43074.0,3554,312,1028.0,1033,865,660-291,All Students,Composite,1670497.0,26810.0,2071,55,20.6,20.8,23.5,16.9
2019-20,660,Fulton County,392,Chattahoochee High School,All Students,Combined Test Score,2198460.0,43074.0,3554,183,1028.0,1033,1195,660-392,All Students,Composite,1670497.0,26810.0,2071,143,20.6,20.8,23.5,26.1
2019-20,660,Fulton County,691,Tri-Cities High School,All Students,Combined Test Score,2198460.0,43074.0,3554,220,1028.0,1033,859,660-691,All Students,Composite,1670497.0,26810.0,2071,81,20.6,20.8,23.5,15.9
2019-20,660,Fulton County,910,Johns Creek High School,All Students,Combined Test Score,2198460.0,43074.0,3554,224,1028.0,1033,1197,660-910,All Students,Composite,1670497.0,26810.0,2071,194,20.6,20.8,23.5,25.7
2019-20,660,Fulton County,1110,Langston Hughes High School,All Students,Combined Test Score,2198460.0,43074.0,3554,320.67,1028.0,1033,861,660-1110,All Students,Composite,1670497.0,26810.0,2071,68,20.6,20.8,23.5,17.4
2019-20,660,Fulton County,3066,Riverwood International Charter School,All Students,Combined Test Score,2198460.0,43074.0,3554,183,1028.0,1033,1039,660-3066,All Students,Composite,1670497.0,26810.0,2071,123,20.6,20.8,23.5,23.4
2019-20,660,Fulton County,4062,North Springs High School,All Students,Combined Test Score,2198460.0,43074.0,3554,137,1028.0,1033,1013,660-4062,All Students,Composite,1670497.0,26810.0,2071,126,20.6,20.8,23.5,21.4
2019-20,660,Fulton County,5069,Westlake High School,All Students,Combined Test Score,2198460.0,43074.0,3554,235.33,1028.0,1033,994,660-5069,All Students,Composite,1670497.0,26810.0,2071,146,20.6,20.8,23.5,19.2
2019-20,661,Gilmer County,196,Gilmer High School,All Students,Combined Test Score,2198460.0,43074.0,104,104,1028.0,1003,1003,661-196,All Students,Composite,1670497.0,26810.0,23,23,20.6,20.8,19.7,19.7
2019-20,663,Glynn County,3552,Brunswick High School,All Students,Combined Test Score,2198460.0,43074.0,249.67,105.67,1028.0,1053,1032,663-3552,All Students,Composite,1670497.0,26810.0,249,106,20.6,20.8,20.8,18.7
2019-20,663,Glynn County,4752,Glynn Academy,All Students,Combined Test Score,2198460.0,43074.0,249.67,144,1028.0,1053,1069,663-4752,All Students,Composite,1670497.0,26810.0,249,143,20.6,20.8,20.8,22.4
2019-20,664,Gordon County,106,Sonoraville High School,All Students,Combined Test Score,2198460.0,43074.0,141,87,1028.0,1011,1020,664-106,All Students,Composite,1670497.0,26810.0,72,33,20.6,20.8,19.4,19.6
2019-20,664,Gordon County,286,Gordon Central High School,All Students,Combined Test Score,2198460.0,43074.0,141,54,1028.0,1011,996,664-286,All Students,Composite,1670497.0,26810.0,72,39,20.6,20.8,19.4,19.2
2019-20,665,Grady County,1050,Cairo High School,All Students,Combined Test Score,2198460.0,43074.0,85,85,1028.0,923,923,665-1050,All Students,Composite,1670497.0,26810.0,45,45,20.6,20.8,18.0,18.0
2019-20,666,Greene County,401,Greene County High School,All Students,Combined Test Score,2198460.0,43074.0,32,32,1028.0,988,988,666-401,All Students,Composite,1670497.0,26810.0,28,28,20.6,20.8,17.5,17.5
2019-20,667,Gwinnett County,101,Grayson High School,All Students,Combined Test Score,2198460.0,43074.0,5696,381,1028.0,1077,1040,667-101,All Students,Composite,1670497.0,26810.0,2785,196,20.6,20.8,22.5,20.4
2019-20,667,Gwinnett County,103,Norcross High School,All Students,Combined Test Score,2198460.0,43074.0,5696,279,1028.0,1077,1042,667-103,All Students,Composite,1670497.0,26810.0,2785,176,20.6,20.8,22.5,22.0
2019-20,667,Gwinnett County,105,Mill Creek High School,All Students,Combined Test Score,2198460.0,43074.0,5696,431,1028.0,1077,1105,667-105,All Students,Composite,1670497.0,26810.0,2785,250,20.6,20.8,22.5,23.4
2019-20,667,Gwinnett County,176,Parkview High School,All Students,Combined Test Score,2198460.0,43074.0,5696,351,1028.0,1077,1091,667-176,All Students,Composite,1670497.0,26810.0,2785,187,20.6,20.8,22.5,23.1
2019-20,667,Gwinnett County,182,Brookwood High School,All Students,Combined Test Score,2198460.0,43074.0,5696,477,1028.0,1077,1121,667-182,All Students,Composite,1670497.0,26810.0,2785,211,20.6,20.8,22.5,23.6
2019-20,667,Gwinnett County,185,Shiloh High School,All Students,Combined Test Score,2198460.0,43074.0,5696,205,1028.0,1077,1006,667-185,All Students,Composite,1670497.0,26810.0,2785,85,20.6,20.8,22.5,18.9
2019-20,667,Gwinnett County,187,Meadowcreek High School,All Students,Combined Test Score,2198460.0,43074.0,5696,205,1028.0,1077,1007,667-187,All Students,Composite,1670497.0,26810.0,2785,80,20.6,20.8,22.5,19.9
2019-20,667,Gwinnett County,195,Collins Hill High School,All Students,Combined Test Score,2198460.0,43074.0,5696,329,1028.0,1077,1086,667-195,All Students,Composite,1670497.0,26810.0,2785,145,20.6,20.8,22.5,22.2
2019-20,667,Gwinnett County,805,Peachtree Ridge High School,All Students,Combined Test Score,2198460.0,43074.0,5696,423,1028.0,1077,1107,667-805,All Students,Composite,1670497.0,26810.0,2785,235,20.6,20.8,22.5,23.3
2019-20,667,Gwinnett County,1018,Lanier High School,All Students,Combined Test Score,2198460.0,43074.0,5696,199,1028.0,1077,1058,667-1018,All Students,Composite,1670497.0,26810.0,2785,110,20.6,20.8,22.5,22.0
2019-20,667,Gwinnett County,1019,"Gwinnett School of Mathematics, Science and Technology",All Students,Combined Test Score,2198460.0,43074.0,5696,108,1028.0,1077,1329,667-1019,All Students,Composite,1670497.0,26810.0,2785,86,20.6,20.8,22.5,29.8
2019-20,667,Gwinnett County,1050,Berkmar High School,All Students,Combined Test Score,2198460.0,43074.0,5696,238,1028.0,1077,1023,667-1050,All Students,Composite,1670497.0,26810.0,2785,93,20.6,20.8,22.5,20.7
2019-20,667,Gwinnett County,1212,Gwinnett Online Campus,All Students,Combined Test Score,2198460.0,43074.0,5696,24,1028.0,1077,1150,667-1212,All Students,Composite,1670497.0,26810.0,2785,10,20.6,20.8,22.5,24.1
2019-20,667,Gwinnett County,1410,Mountain View High School,All Students,Combined Test Score,2198460.0,43074.0,5696,275,1028.0,1077,1081,667-1410,All Students,Composite,1670497.0,26810.0,2785,123,20.6,20.8,22.5,23.2
2019-20,667,Gwinnett County,1710,Archer High School,All Students,Combined Test Score,2198460.0,43074.0,5696,335,1028.0,1077,1079,667-1710,All Students,Composite,1670497.0,26810.0,2785,127,20.6,20.8,22.5,22.1
2019-20,667,Gwinnett County,1814,Discovery High School,All Students,Combined Test Score,2198460.0,43074.0,5696,213,1028.0,1077,1021,667-1814,All Students,Composite,1670497.0,26810.0,2785,85,20.6,20.8,22.5,20.2
2019-20,667,Gwinnett County,2558,South Gwinnett High School,All Students,Combined Test Score,2198460.0,43074.0,5696,218,1028.0,1077,975,667-2558,All Students,Composite,1670497.0,26810.0,2785,81,20.6,20.8,22.5,18.2
2019-20,667,Gwinnett County,3750,Central Gwinnett High School,All Students,Combined Test Score,2198460.0,43074.0,5696,160,1028.0,1077,1007,667-3750,All Students,Composite,1670497.0,26810.0,2785,68,20.6,20.8,22.5,18.4
2019-20,667,Gwinnett County,4052,Dacula High School,All Students,Combined Test Score,2198460.0,43074.0,5696,218,1028.0,1077,1062,667-4052,All Students,Composite,1670497.0,26810.0,2785,73,20.6,20.8,22.5,21.3
2019-20,667,Gwinnett County,4556,North Gwinnett High School,All Students,Combined Test Score,2198460.0,43074.0,5696,389,1028.0,1077,1164,667-4556,All Students,Composite,1670497.0,26810.0,2785,239,20.6,20.8,22.5,25.4
2019-20,667,Gwinnett County,5550,Duluth High School,All Students,Combined Test Score,2198460.0,43074.0,5696,236,1028.0,1077,1074,667-5550,All Students,Composite,1670497.0,26810.0,2785,121,20.6,20.8,22.5,22.4
2019-20,668,Habersham County,2052,Habersham Central High School,All Students,Combined Test Score,2198460.0,43074.0,162,162,1028.0,1060,1060,668-2052,All Students,Composite,1670497.0,26810.0,20,20,20.6,20.8,25.8,25.8
2019-20,669,Hall County,102,Chestatee High School,All Students,Combined Test Score,2198460.0,43074.0,604,102,1028.0,1039,1024,669-102,All Students,Composite,1670497.0,26810.0,252,35,20.6,20.8,21.1,21.3
2019-20,669,Hall County,189,West Hall High School,All Students,Combined Test Score,2198460.0,43074.0,604,93,1028.0,1039,1041,669-189,All Students,Composite,1670497.0,26810.0,252,26,20.6,20.8,21.1,18.3
2019-20,669,Hall County,202,Flowery Branch High,All Students,Combined Test Score,2198460.0,43074.0,604,153,1028.0,1039,1064,669-202,All Students,Composite,1670497.0,26810.0,252,59,20.6,20.8,21.1,22.4
2019-20,669,Hall County,1552,East Hall High School,All Students,Combined Test Score,2198460.0,43074.0,604,76,1028.0,1039,979,669-1552,All Students,Composite,1670497.0,26810.0,252,14,20.6,20.8,21.1,18.3
2019-20,669,Hall County,1556,North Hall High School,All Students,Combined Test Score,2198460.0,43074.0,604,107,1028.0,1039,1053,669-1556,All Students,Composite,1670497.0,26810.0,252,75,20.6,20.8,21.1,21.9
2019-20,669,Hall County,4752,Johnson High School,All Students,Combined Test Score,2198460.0,43074.0,604,71,1028.0,1039,1055,669-4752,All Students,Composite,1670497.0,26810.0,252,42,20.6,20.8,21.1,20.7
2019-20,670,Hancock County,288,Hancock Central High School,All Students,Combined Test Score,2198460.0,43074.0,25,25,1028.0,883,883,670-288,All Students,Composite,1670497.0,26810.0,10,10,20.6,20.8,15.6,15.6
2019-20,671,Haralson County,3050,Haralson County High School,All Students,Combined Test Score,2198460.0,43074.0,91,91,1028.0,991,991,671-3050,All Students,Composite,1670497.0,26810.0,28,28,20.6,20.8,20.3,20.3
2019-20,672,Harris County,299,Harris County High School,All Students,Combined Test Score,2198460.0,43074.0,68,68,1028.0,1053,1053,672-299,All Students,Composite,1670497.0,26810.0,110,110,20.6,20.8,20.7,20.7
2019-20,673,Hart County,3050,Hart County High School,All Students,Combined Test Score,2198460.0,43074.0,76,76,1028.0,977,977,673-3050,All Students,Composite,1670497.0,26810.0,25,25,20.6,20.8,18.8,18.8
2019-20,674,Heard County,110,Heard County High School,All Students,Combined Test Score,2198460.0,43074.0,29,29,1028.0,994,994,674-110,All Students,Composite,1670497.0,26810.0,38,38,20.6,20.8,18.5,18.5
2019-20,675,Henry County,101,Union Grove High,All Students,Combined Test Score,2198460.0,43074.0,1129,130,1028.0,999,1075,675-101,All Students,Composite,1670497.0,26810.0,1010,153,20.6,20.8,19.3,22.0
2019-20,675,Henry County,104,Luella High School,All Students,Combined Test Score,2198460.0,43074.0,1129,120,1028.0,999,998,675-104,All Students,Composite,1670497.0,26810.0,1010,76,20.6,20.8,19.3,19.6
2019-20,675,Henry County,105,Dutchtown High,All Students,Combined Test Score,2198460.0,43074.0,1129,179,1028.0,999,980,675-105,All Students,Composite,1670497.0,26810.0,1010,131,20.6,20.8,19.3,18.0
2019-20,675,Henry County,214,Locust Grove High,All Students,Combined Test Score,2198460.0,43074.0,1129,107,1028.0,999,983,675-214,All Students,Composite,1670497.0,26810.0,1010,77,20.6,20.8,19.3,18.7
2019-20,675,Henry County,295,Stockbridge High School,All Students,Combined Test Score,2198460.0,43074.0,1129,97,1028.0,999,954,675-295,All Students,Composite,1670497.0,26810.0,1010,96,20.6,20.8,19.3,17.7
2019-20,675,Henry County,307,Ola High School,All Students,Combined Test Score,2198460.0,43074.0,1129,94,1028.0,999,1076,675-307,All Students,Composite,1670497.0,26810.0,1010,151,20.6,20.8,19.3,20.6
2019-20,675,Henry County,315,Hampton High School,All Students,Combined Test Score,2198460.0,43074.0,1129,88,1028.0,999,955,675-315,All Students,Composite,1670497.0,26810.0,1010,68,20.6,20.8,19.3,18.1
2019-20,675,Henry County,391,Eagle's Landing High School,All Students,Combined Test Score,2198460.0,43074.0,1129,92,1028.0,999,985,675-391,All Students,Composite,1670497.0,26810.0,1010,105,20.6,20.8,19.3,18.7
2019-20,675,Henry County,408,Woodland High School,All Students,Combined Test Score,2198460.0,43074.0,1129,140,1028.0,999,1013,675-408,All Students,Composite,1670497.0,26810.0,1010,85,20.6,20.8,19.3,20.0
2019-20,675,Henry County,3050,McDonough High School,All Students,Combined Test Score,2198460.0,43074.0,1129,81,1028.0,999,940,675-3050,All Students,Composite,1670497.0,26810.0,1010,67,20.6,20.8,19.3,16.4
2019-20,676,Houston County,111,Veterans High School,All Students,Combined Test Score,2198460.0,43074.0,697,173,1028.0,1045,1066,676-111,All Students,Composite,1670497.0,26810.0,346,76,20.6,20.8,20.5,21.4
2019-20,676,Houston County,192,Houston County High School,All Students,Combined Test Score,2198460.0,43074.0,697,248,1028.0,1045,1067,676-192,All Students,Composite,1670497.0,26810.0,346,132,20.6,20.8,20.5,20.8
2019-20,676,Houston County,1054,Perry High School,All Students,Combined Test Score,2198460.0,43074.0,697,99,1028.0,1045,1041,676-1054,All Students,Composite,1670497.0,26810.0,346,60,20.6,20.8,20.5,21.3
2019-20,676,Houston County,2052,Northside High School,All Students,Combined Test Score,2198460.0,43074.0,697,94,1028.0,1045,1009,676-2052,All Students,Composite,1670497.0,26810.0,346,39,20.6,20.8,20.5,19.6
2019-20,676,Houston County,4056,Warner Robins High School,All Students,Combined Test Score,2198460.0,43074.0,697,82,1028.0,1045,986,676-4056,All Students,Composite,1670497.0,26810.0,346,39,20.6,20.8,20.5,17.4
2019-20,677,Irwin County,2050,Irwin County High School,All Students,Combined Test Score,2198460.0,43074.0,28,28,1028.0,938,938,677-2050,All Students,Composite,1670497.0,26810.0,31,31,20.6,20.8,17.6,17.6
2019-20,678,Jackson County,107,East Jackson Comprehensive High School,All Students,Combined Test Score,2198460.0,43074.0,152,56,1028.0,1038,1011,678-107,All Students,Composite,1670497.0,26810.0,103,31,20.6,20.8,20.6,20.0
2019-20,678,Jackson County,191,Jackson County Comprehensive High School,All Students,Combined Test Score,2198460.0,43074.0,152,96,1028.0,1038,1054,678-191,All Students,Composite,1670497.0,26810.0,103,72,20.6,20.8,20.6,20.8
2019-20,679,Jasper County,108,Jasper County High School,All Students,Combined Test Score,2198460.0,43074.0,71,71,1028.0,958,958,679-108,All Students,Composite,1670497.0,26810.0,32,32,20.6,20.8,18.2,18.2
2019-20,680,Jeff Davis County,199,Jeff Davis High School,All Students,Combined Test Score,2198460.0,43074.0,43,43,1028.0,995,995,680-199,All Students,Composite,1670497.0,26810.0,17,17,20.6,20.8,17.8,17.8
2019-20,682,Jenkins County,201,Jenkins County High School,All Students,Combined Test Score,2198460.0,43074.0,19,19,1028.0,953,953,682-201,All Students,Composite,1670497.0,26810.0,14,14,20.6,20.8,17.9,17.9
2019-20,683,Johnson County,201,Johnson County High School,All Students,Combined Test Score,2198460.0,43074.0,44,44,1028.0,932,932,683-201,All Students,Composite,1670497.0,26810.0,10,10,20.6,20.8,17.2,17.2
2019-20,684,Jones County,192,Jones County High School,All Students,Combined Test Score,2198460.0,43074.0,109,109,1028.0,1031,1031,684-192,All Students,Composite,1670497.0,26810.0,63,63,20.6,20.8,18.9,18.9
2019-20,685,Lamar County,175,Lamar County High School,All Students,Combined Test Score,2198460.0,43074.0,40,40,1028.0,976,976,685-175,All Students,Composite,1670497.0,26810.0,20,20,20.6,20.8,18.4,18.4
2019-20,687,Laurens County,110,West Laurens High School,All Students,Combined Test Score,2198460.0,43074.0,163,105,1028.0,982,996,687-110,All Students,Composite,1670497.0,26810.0,61,39,20.6,20.8,20.0,20.3
2019-20,687,Laurens County,197,East Laurens High School,All Students,Combined Test Score,2198460.0,43074.0,163,58,1028.0,982,956,687-197,All Students,Composite,1670497.0,26810.0,61,22,20.6,20.8,20.0,19.5
2019-20,688,Lee County,193,Lee County High School,All Students,Combined Test Score,2198460.0,43074.0,105,105,1028.0,1035,1035,688-193,All Students,Composite,1670497.0,26810.0,106,106,20.6,20.8,19.7,19.7
2019-20,689,Liberty County,105,Bradwell Institute,All Students,Combined Test Score,2198460.0,43074.0,171,114,1028.0,971,983,689-105,All Students,Composite,1670497.0,26810.0,168,94,20.6,20.8,18.3,17.9
2019-20,689,Liberty County,192,Liberty County High School,All Students,Combined Test Score,2198460.0,43074.0,171,57,1028.0,971,947,689-192,All Students,Composite,1670497.0,26810.0,168,74,20.6,20.8,18.3,18.8
2019-20,690,Lincoln County,110,Lincoln County High School,All Students,Combined Test Score,2198460.0,43074.0,45,45,1028.0,1005,1005,690-110,All Students,Composite,1670497.0,26810.0,16,16,20.6,20.8,18.5,18.5
2019-20,691,Long County,205,Long County High School,All Students,Combined Test Score,2198460.0,43074.0,95,95,1028.0,960,960,691-205,All Students,Composite,1670497.0,26810.0,16,16,20.6,20.8,18.1,18.1
2019-20,692,Lowndes County,5050,Lowndes High School,All Students,Combined Test Score,2198460.0,43074.0,230,230,1028.0,1051,1051,692-5050,All Students,Composite,1670497.0,26810.0,148,148,20.6,20.8,21.3,21.3
2019-20,693,Lumpkin County,101,Lumpkin County High School,All Students,Combined Test Score,2198460.0,43074.0,84,84,1028.0,1047,1047,693-101,All Students,Composite,1670497.0,26810.0,53,53,20.6,20.8,20.2,20.2
2019-20,695,Madison County,5050,Madison County High School,All Students,Combined Test Score,2198460.0,43074.0,82,82,1028.0,1021,1021,695-5050,All Students,Composite,1670497.0,26810.0,29,29,20.6,20.8,20.3,20.3
2019-20,696,Marion County,275,Marion County Middle/High School,All Students,Combined Test Score,2198460.0,43074.0,33,33,1028.0,985,985,696-275,All Students,Composite,1670497.0,26810.0,11,11,20.6,20.8,18.0,18.0
2019-20,697,McDuffie County,192,Thomson High School,All Students,Combined Test Score,2198460.0,43074.0,74,74,1028.0,999,999,697-192,All Students,Composite,1670497.0,26810.0,43,43,20.6,20.8,17.9,17.9
2019-20,699,Meriwether County,4050,Manchester High School,All Students,Combined Test Score,2198460.0,43074.0,23,17,1028.0,1053,1048,699-4050,All Students,Composite,1670497.0,26810.0,56,33,20.6,20.8,17.4,18.1
2019-20,702,Monroe County,184,Mary Persons High School,All Students,Combined Test Score,2198460.0,43074.0,106,106,1028.0,1016,1016,702-184,All Students,Composite,1670497.0,26810.0,67,67,20.6,20.8,19.9,19.9
2019-20,704,Morgan County,1050,Morgan County High School,All Students,Combined Test Score,2198460.0,43074.0,113,113,1028.0,1004,1004,704-1050,All Students,Composite,1670497.0,26810.0,74,74,20.6,20.8,20.2,20.2
2019-20,705,Murray County,112,North Murray High School,All Students,Combined Test Score,2198460.0,43074.0,152,90,1028.0,974,966,705-112,All Students,Composite,1670497.0,26810.0,65,18,20.6,20.8,19.0,19.1
2019-20,705,Murray County,190,Murray County High School,All Students,Combined Test Score,2198460.0,43074.0,152,62,1028.0,974,987,705-190,All Students,Composite,1670497.0,26810.0,65,47,20.6,20.8,19.0,18.9
2019-20,706,Muscogee County,203,Northside High School,All Students,Combined Test Score,2198460.0,43074.0,517,97,1028.0,1035,1030,706-203,All Students,Composite,1670497.0,26810.0,603,154,20.6,20.8,19.2,19.6
2019-20,706,Muscogee County,278,Shaw High School,All Students,Combined Test Score,2198460.0,43074.0,517,80,1028.0,1035,957,706-278,All Students,Composite,1670497.0,26810.0,603,64,20.6,20.8,19.2,17.4
2019-20,706,Muscogee County,378,Spencer High School,All Students,Combined Test Score,2198460.0,43074.0,517,39,1028.0,1035,841,706-378,All Students,Composite,1670497.0,26810.0,603,50,20.6,20.8,19.2,15.2
2019-20,706,Muscogee County,1064,Kendrick High School,All Students,Combined Test Score,2198460.0,43074.0,517,14,1028.0,1035,936,706-1064,All Students,Composite,1670497.0,26810.0,603,45,20.6,20.8,19.2,14.8
2019-20,706,Muscogee County,2062,Hardaway High School,All Students,Combined Test Score,2198460.0,43074.0,517,79,1028.0,1035,970,706-2062,All Students,Composite,1670497.0,26810.0,603,60,20.6,20.8,19.2,17.6
2019-20,706,Muscogee County,3054,Columbus High School,All Students,Combined Test Score,2198460.0,43074.0,517,150,1028.0,1035,1212,706-3054,All Students,Composite,1670497.0,26810.0,603,123,20.6,20.8,19.2,26.0
2019-20,706,Muscogee County,5052,Carver High School,All Students,Combined Test Score,2198460.0,43074.0,517,43,1028.0,1035,905,706-5052,All Students,Composite,1670497.0,26810.0,603,85,20.6,20.8,19.2,16.5
2019-20,706,Muscogee County,5062,Jordan Vocational High School,All Students,Combined Test Score,2198460.0,43074.0,517,15,1028.0,1035,1007,706-5062,All Students,Composite,1670497.0,26810.0,603,22,20.6,20.8,19.2,17.8
2019-20,707,Newton County,173,Newton High School,All Students,Combined Test Score,2198460.0,43074.0,387,172,1028.0,976,956,707-173,All Students,Composite,1670497.0,26810.0,422,213,20.6,20.8,17.7,16.5
2019-20,707,Newton County,206,Alcovy High School,All Students,Combined Test Score,2198460.0,43074.0,387,120,1028.0,976,941,707-206,All Students,Composite,1670497.0,26810.0,422,88,20.6,20.8,17.7,17.3
2019-20,707,Newton County,295,Eastside High School,All Students,Combined Test Score,2198460.0,43074.0,387,95,1028.0,976,1055,707-295,All Students,Composite,1670497.0,26810.0,422,121,20.6,20.8,17.7,19.9
2019-20,708,Oconee County,105,North Oconee High School,All Students,Combined Test Score,2198460.0,43074.0,325,185,1028.0,1116,1132,708-105,All Students,Composite,1670497.0,26810.0,187,112,20.6,20.8,23.5,24.0
2019-20,708,Oconee County,293,Oconee County High School,All Students,Combined Test Score,2198460.0,43074.0,325,140,1028.0,1116,1096,708-293,All Students,Composite,1670497.0,26810.0,187,75,20.6,20.8,23.5,22.8
2019-20,709,Oglethorpe County,2050,Oglethorpe County High School,All Students,Combined Test Score,2198460.0,43074.0,55,55,1028.0,1043,1043,709-2050,All Students,Composite,1670497.0,26810.0,32,32,20.6,20.8,20.0,20.0
2019-20,710,Paulding County,101,Hiram High School,All Students,Combined Test Score,2198460.0,43074.0,738,115,1028.0,1023,990,710-101,All Students,Composite,1670497.0,26810.0,420,77,20.6,20.8,19.8,18.8
2019-20,710,Paulding County,106,South Paulding High School,All Students,Combined Test Score,2198460.0,43074.0,738,118,1028.0,1023,1011,710-106,All Students,Composite,1670497.0,26810.0,420,77,20.6,20.8,19.8,18.9
2019-20,710,Paulding County,109,North Paulding High School,All Students,Combined Test Score,2198460.0,43074.0,738,255,1028.0,1023,1032,710-109,All Students,Composite,1670497.0,26810.0,420,135,20.6,20.8,19.8,20.7
2019-20,710,Paulding County,292,East Paulding High School,All Students,Combined Test Score,2198460.0,43074.0,738,124,1028.0,1023,1019,710-292,All Students,Composite,1670497.0,26810.0,420,73,20.6,20.8,19.8,19.2
2019-20,710,Paulding County,2552,Paulding County High School,All Students,Combined Test Score,2198460.0,43074.0,738,126,1028.0,1023,1049,710-2552,All Students,Composite,1670497.0,26810.0,420,58,20.6,20.8,19.8,20.9
2019-20,711,Peach County,2052,Peach County High School,All Students,Combined Test Score,2198460.0,43074.0,61,61,1028.0,929,929,711-2052,All Students,Composite,1670497.0,26810.0,72,72,20.6,20.8,17.4,17.4
2019-20,712,Pickens County,198,Pickens County High School,All Students,Combined Test Score,2198460.0,43074.0,105,105,1028.0,1062,1062,712-198,All Students,Composite,1670497.0,26810.0,39,39,20.6,20.8,22.9,22.9
2019-20,713,Pierce County,182,Pierce County High School,All Students,Combined Test Score,2198460.0,43074.0,68,68,1028.0,1106,1106,713-182,All Students,Composite,1670497.0,26810.0,53,53,20.6,20.8,20.3,20.3
2019-20,714,Pike County,194,Pike County High School,All Students,Combined Test Score,2198460.0,43074.0,132,132,1028.0,1009,1009,714-194,All Students,Composite,1670497.0,26810.0,24,24,20.6,20.8,19.5,19.5
2019-20,715,Polk County,102,Rockmart High School,All Students,Combined Test Score,2198460.0,43074.0,107,43,1028.0,1010,1003,715-102,All Students,Composite,1670497.0,26810.0,63,25,20.6,20.8,19.6,21.4
2019-20,715,Polk County,5050,Cedartown High School,All Students,Combined Test Score,2198460.0,43074.0,107,64,1028.0,1010,1014,715-5050,All Students,Composite,1670497.0,26810.0,63,38,20.6,20.8,19.6,18.4
2019-20,717,Putnam County,114,Putnam County High School,All Students,Combined Test Score,2198460.0,43074.0,31,31,1028.0,1049,1049,717-114,All Students,Composite,1670497.0,26810.0,77,77,20.6,20.8,18.5,18.5
2019-20,719,Rabun County,177,Rabun County High School,All Students,Combined Test Score,2198460.0,43074.0,63,63,1028.0,1053,1053,719-177,All Students,Composite,1670497.0,26810.0,23,23,20.6,20.8,20.4,20.4
2019-20,721,Richmond County,100,Cross Creek High School,All Students,Combined Test Score,2198460.0,43074.0,596,69,1028.0,960,916,721-100,All Students,Composite,1670497.0,26810.0,316,16,20.6,20.8,17.1,16.4
2019-20,721,Richmond County,1052,Butler High School,All Students,Combined Test Score,2198460.0,43074.0,596,32,1028.0,960,833,721-1052,All Students,Composite,1670497.0,26810.0,316,20,20.6,20.8,17.1,15.2
2019-20,721,Richmond County,2056,Hephzibah High School,All Students,Combined Test Score,2198460.0,43074.0,596,68,1028.0,960,889,721-2056,All Students,Composite,1670497.0,26810.0,316,29,20.6,20.8,17.1,15.9
2019-20,721,Richmond County,2574,Westside High School,All Students,Combined Test Score,2198460.0,43074.0,596,74,1028.0,960,943,721-2574,All Students,Composite,1670497.0,26810.0,316,42,20.6,20.8,17.1,17.4
2019-20,721,Richmond County,3054,Glenn Hills High School,All Students,Combined Test Score,2198460.0,43074.0,596,43,1028.0,960,840,721-3054,All Students,Composite,1670497.0,26810.0,316,48,20.6,20.8,17.1,13.9
2019-20,721,Richmond County,3556,Johnson Magnet,All Students,Combined Test Score,2198460.0,43074.0,596,68,1028.0,960,1066,721-3556,All Students,Composite,1670497.0,26810.0,316,22,20.6,20.8,17.1,20.5
2019-20,721,Richmond County,3756,Josey High School,All Students,Combined Test Score,2198460.0,43074.0,596,18,1028.0,960,862,721-3756,All Students,Composite,1670497.0,26810.0,316,28,20.6,20.8,17.1,14.3
2019-20,721,Richmond County,4060,Academy of Richmond County High School,All Students,Combined Test Score,2198460.0,43074.0,596,120,1028.0,960,967,721-4060,All Students,Composite,1670497.0,26810.0,316,59,20.6,20.8,17.1,17.0
2019-20,721,Richmond County,4562,Davidson Magnet School,All Students,Combined Test Score,2198460.0,43074.0,596,62,1028.0,960,1178,721-4562,All Students,Composite,1670497.0,26810.0,316,38,20.6,20.8,17.1,24.1
2019-20,721,Richmond County,5566,Laney High School,All Students,Combined Test Score,2198460.0,43074.0,596,42,1028.0,960,921,721-5566,All Students,Composite,1670497.0,26810.0,316,14,20.6,20.8,17.1,15.1
2019-20,722,Rockdale County,176,Heritage High School,All Students,Combined Test Score,2198460.0,43074.0,520,186,1028.0,984,982,722-176,All Students,Composite,1670497.0,26810.0,343,100,20.6,20.8,19.3,18.7
2019-20,722,Rockdale County,192,Salem High School,All Students,Combined Test Score,2198460.0,43074.0,520,108,1028.0,984,929,722-192,All Students,Composite,1670497.0,26810.0,343,63,20.6,20.8,19.3,17.1
2019-20,722,Rockdale County,3052,Rockdale County High School,All Students,Combined Test Score,2198460.0,43074.0,520,222,1028.0,984,1012,722-3052,All Students,Composite,1670497.0,26810.0,343,180,20.6,20.8,19.3,20.4
2019-20,723,Schley County,101,Schley Middle High School,All Students,Combined Test Score,2198460.0,43074.0,31,31,1028.0,1019,1019,723-101,All Students,Composite,1670497.0,26810.0,16,16,20.6,20.8,20.1,20.1
2019-20,724,Screven County,4052,Screven County High School,All Students,Combined Test Score,2198460.0,43074.0,28,28,1028.0,1055,1055,724-4052,All Students,Composite,1670497.0,26810.0,12,12,20.6,20.8,20.8,20.8
2019-20,726,Griffin-Spalding County,101,Spalding High School,All Students,Combined Test Score,2198460.0,43074.0,232,125,1028.0,959,995,726-101,All Students,Composite,1670497.0,26810.0,127,65,20.6,20.8,18.0,19.5
2019-20,726,Griffin-Spalding County,187,Griffin High School,All Students,Combined Test Score,2198460.0,43074.0,232,107,1028.0,959,916,726-187,All Students,Composite,1670497.0,26810.0,127,62,20.6,20.8,18.0,16.4
2019-20,727,Stephens County,5050,Stephens County High School,All Students,Combined Test Score,2198460.0,43074.0,82,82,1028.0,1037,1037,727-5050,All Students,Composite,1670497.0,26810.0,36,36,20.6,20.8,20.2,20.2
2019-20,729,Sumter County,105,Americus Sumter High School (Old Americus-Sumter HS S),All Students,Combined Test Score,2198460.0,43074.0,97,97,1028.0,918,918,729-105,All Students,Composite,1670497.0,26810.0,46,46,20.6,20.8,16.5,16.5
2019-20,732,Tattnall County,194,Tattnall County High School,All Students,Combined Test Score,2198460.0,43074.0,82,82,1028.0,1010,1010,732-194,All Students,Composite,1670497.0,26810.0,16,16,20.6,20.8,20.3,20.3
2019-20,733,Taylor County,201,Taylor County High School,All Students,Combined Test Score,2198460.0,43074.0,53,53,1028.0,963,963,733-201,All Students,Composite,1670497.0,26810.0,15,15,20.6,20.8,19.3,19.3
2019-20,735,Terrell County,105,Terrell High School,All Students,Combined Test Score,2198460.0,43074.0,19,19,1028.0,921,921,735-105,All Students,Composite,1670497.0,26810.0,31,31,20.6,20.8,16.0,16.0
2019-20,736,Thomas County,191,Thomas County Central High School,All Students,Combined Test Score,2198460.0,43074.0,93,91,1028.0,1009,1013,736-191,All Students,Composite,1670497.0,26810.0,53,53,20.6,20.8,19.4,19.4
2019-20,737,Tift County,3052,Northeast Middle School,All Students,Combined Test Score,2198460.0,43074.0,158,158,1028.0,1002,1002,737-3052,All Students,Composite,1670497.0,26810.0,74,74,20.6,20.8,19.1,19.1
2019-20,738,Toombs County,192,Toombs County High School,All Students,Combined Test Score,2198460.0,43074.0,67,67,1028.0,922,922,738-192,All Students,Composite,1670497.0,26810.0,16,16,20.6,20.8,17.0,17.0
2019-20,739,Towns County,204,Towns County High School,All Students,Combined Test Score,2198460.0,43074.0,26,26,1028.0,1033,1033,739-204,All Students,Composite,1670497.0,26810.0,16,16,20.6,20.8,21.4,21.4
2019-20,741,Troup County,201,Callaway High School,All Students,Combined Test Score,2198460.0,43074.0,248,45,1028.0,1013,974,741-201,All Students,Composite,1670497.0,26810.0,191,61,20.6,20.8,19.7,18.1
2019-20,741,Troup County,387,Troup County High School,All Students,Combined Test Score,2198460.0,43074.0,248,104,1028.0,1013,988,741-387,All Students,Composite,1670497.0,26810.0,191,70,20.6,20.8,19.7,20.5
2019-20,741,Troup County,1052,LaGrange High School,All Students,Combined Test Score,2198460.0,43074.0,248,99,1028.0,1013,1057,741-1052,All Students,Composite,1670497.0,26810.0,191,60,20.6,20.8,19.7,20.3
2019-20,742,Turner County,1050,Turner County Specialty School,All Students,Combined Test Score,2198460.0,43074.0,23,23,1028.0,946,946,742-1050,All Students,Composite,1670497.0,26810.0,13,13,20.6,20.8,15.3,15.3
2019-20,744,Union County,101,Union County High School,All Students,Combined Test Score,2198460.0,43074.0,90,89,1028.0,1064,1062,744-101,All Students,Composite,1670497.0,26810.0,33,33,20.6,20.8,21.6,21.6
2019-20,745,Thomaston-Upson County,195,Upson-Lee High School,All Students,Combined Test Score,2198460.0,43074.0,101,101,1028.0,943,943,745-195,All Students,Composite,1670497.0,26810.0,51,51,20.6,20.8,17.2,17.2
2019-20,746,Walker County,198,LaFayette High School,All Students,Combined Test Score,2198460.0,43074.0,18,12,1028.0,1124,1081,746-198,All Students,Composite,1670497.0,26810.0,174,88,20.6,20.8,19.3,19.8
2019-20,747,Walton County,111,Walnut Grove High School,All Students,Combined Test Score,2198460.0,43074.0,428,124,1028.0,1030,1050,747-111,All Students,Composite,1670497.0,26810.0,176,62,20.6,20.8,20.4,21.4
2019-20,747,Walton County,199,Loganville High School,All Students,Combined Test Score,2198460.0,43074.0,428,169,1028.0,1030,1047,747-199,All Students,Composite,1670497.0,26810.0,176,73,20.6,20.8,20.4,20.1
2019-20,747,Walton County,205,Monroe Area High School,All Students,Combined Test Score,2198460.0,43074.0,428,135,1028.0,1030,990,747-205,All Students,Composite,1670497.0,26810.0,176,41,20.6,20.8,20.4,19.4
2019-20,748,Ware County,195,Ware County High School,All Students,Combined Test Score,2198460.0,43074.0,72,72,1028.0,1073,1073,748-195,All Students,Composite,1670497.0,26810.0,26,26,20.6,20.8,21.5,21.5
2019-20,750,Washington County,1052,Washington County High School,All Students,Combined Test Score,2198460.0,43074.0,67,67,1028.0,938,938,750-1052,All Students,Composite,1670497.0,26810.0,64,64,20.6,20.8,17.8,17.8
2019-20,751,Wayne County,101,Wayne County High School,All Students,Combined Test Score,2198460.0,43074.0,121,121,1028.0,982,982,751-101,All Students,Composite,1670497.0,26810.0,44,44,20.6,20.8,18.0,18.0
2019-20,752,Webster County,108,Webster County High School,All Students,Combined Test Score,2198460.0,43074.0,17,17,1028.0,932,932,752-108,All Students,Composite,1670497.0,26810.0,10,10,20.6,20.8,17.1,17.1
2019-20,754,White County,105,White County High School,All Students,Combined Test Score,2198460.0,43074.0,94,94,1028.0,1043,1043,754-105,All Students,Composite,1670497.0,26810.0,33,33,20.6,20.8,21.8,21.8
2019-20,755,Whitfield County,112,Coahulla Creek High School,All Students,Combined Test Score,2198460.0,43074.0,229,33,1028.0,1019,1061,755-112,All Students,Composite,1670497.0,26810.0,218,95,20.6,20.8,19.5,18.7
2019-20,755,Whitfield County,175,Northwest Whitfield County High School,All Students,Combined Test Score,2198460.0,43074.0,229,78,1028.0,1019,1104,755-175,All Students,Composite,1670497.0,26810.0,218,74,20.6,20.8,19.5,21.2
2019-20,755,Whitfield County,275,Southeast Whitfield County High School,All Students,Combined Test Score,2198460.0,43074.0,229,94,1028.0,1019,974,755-275,All Students,Composite,1670497.0,26810.0,218,48,20.6,20.8,19.5,18.6
2019-20,756,Wilcox County,201,Wilcox County High School,All Students,Combined Test Score,2198460.0,43074.0,32,32,1028.0,904,904,756-201,All Students,Composite,1670497.0,26810.0,13,13,20.6,20.8,15.2,15.2
2019-20,757,Wilkes County,110,Washington-Wilkes Comprehensive High School,All Students,Combined Test Score,2198460.0,43074.0,33,33,1028.0,987,987,757-110,All Students,Composite,1670497.0,26810.0,11,11,20.6,20.8,18.1,18.1
2019-20,758,Wilkinson County,3050,Wilkinson County High School,All Students,Combined Test Score,2198460.0,43074.0,21,21,1028.0,971,971,758-3050,All Students,Composite,1670497.0,26810.0,31,31,20.6,20.8,17.1,17.1
2019-20,759,Worth County,176,Worth County High School,All Students,Combined Test Score,2198460.0,43074.0,53,53,1028.0,973,973,759-176,All Students,Composite,1670497.0,26810.0,11,11,20.6,20.8,16.7,16.7
2019-20,761,Atlanta Public Schools,106,Early College High School at Carver,All Students,Combined Test Score,2198460.0,43074.0,1020,43,1028.0,969,953,761-106,All Students,Composite,1670497.0,26810.0,923,14,20.6,20.8,19.0,17.6
2019-20,761,Atlanta Public Schools,108,South Atlanta School of Health and Medical Science,All Students,Combined Test Score,2198460.0,43074.0,1020,59,1028.0,969,854,761-108,All Students,Composite,1670497.0,26810.0,923,38,20.6,20.8,19.0,15.7
2019-20,761,Atlanta Public Schools,121,Old Coretta Scott King Young Women's Academy High School,All Students,Combined Test Score,2198460.0,43074.0,1020,12,1028.0,969,977,761-121,All Students,Composite,1670497.0,26810.0,923,22,20.6,20.8,19.0,16.3
2019-20,761,Atlanta Public Schools,182,Mays High School,All Students,Combined Test Score,2198460.0,43074.0,1020,117,1028.0,969,866,761-182,All Students,Composite,1670497.0,26810.0,923,98,20.6,20.8,19.0,16.3
2019-20,761,Atlanta Public Schools,186,"Maynard H. Jackson, Jr. High School",All Students,Combined Test Score,2198460.0,43074.0,1020,124,1028.0,969,962,761-186,All Students,Composite,1670497.0,26810.0,923,70,20.6,20.8,19.0,20.4
2019-20,761,Atlanta Public Schools,192,North Atlanta High School,All Students,Combined Test Score,2198460.0,43074.0,1020,225,1028.0,969,1060,761-192,All Students,Composite,1670497.0,26810.0,923,149,20.6,20.8,19.0,23.4
2019-20,761,Atlanta Public Schools,315,Booker T. Washington High School,All Students,Combined Test Score,2198460.0,43074.0,1020,59,1028.0,969,903,761-315,All Students,Composite,1670497.0,26810.0,923,30,20.6,20.8,19.0,15.7
2019-20,761,Atlanta Public Schools,406,School of Health Sciences and Research at Carver,All Students,Combined Test Score,2198460.0,43074.0,1020,71,1028.0,969,819,761-406,All Students,Composite,1670497.0,26810.0,923,11,20.6,20.8,19.0,17.2
2019-20,761,Atlanta Public Schools,515,Charles Drew Charter School JA/SA,All Students,Combined Test Score,2198460.0,43074.0,1020,21,1028.0,969,1051,761-515,All Students,Composite,1670497.0,26810.0,923,66,20.6,20.8,19.0,20.1
2019-20,761,Atlanta Public Schools,708,Therrell School of Health and Science - C,All Students,Combined Test Score,2198460.0,43074.0,1020,48,1028.0,969,907,761-708,All Students,Composite,1670497.0,26810.0,923,95,20.6,20.8,19.0,16.6
2019-20,761,Atlanta Public Schools,4058,Douglass High School,All Students,Combined Test Score,2198460.0,43074.0,1020,63,1028.0,969,875,761-4058,All Students,Composite,1670497.0,26810.0,923,103,20.6,20.8,19.0,15.6
2019-20,761,Atlanta Public Schools,4560,Grady High School,All Students,Combined Test Score,2198460.0,43074.0,1020,164,1028.0,969,1102,761-4560,All Students,Composite,1670497.0,26810.0,923,94,20.6,20.8,19.0,23.3
2019-20,763,Bremen City,201,Bremen High School,All Students,Combined Test Score,2198460.0,43074.0,64,64,1028.0,1129,1129,763-201,All Students,Composite,1670497.0,26810.0,55,55,20.6,20.8,22.8,22.8
2019-20,764,Buford City,191,Buford High School,All Students,Combined Test Score,2198460.0,43074.0,148,148,1028.0,1115,1115,764-191,All Students,Composite,1670497.0,26810.0,89,89,20.6,20.8,24.1,24.1
2019-20,765,Calhoun City,3050,Calhoun High School,All Students,Combined Test Score,2198460.0,43074.0,72,72,1028.0,1033,1033,765-3050,All Students,Composite,1670497.0,26810.0,74,74,20.6,20.8,20.5,20.5
2019-20,766,Carrollton City,1050,Carrollton High School,All Students,Combined Test Score,2198460.0,43074.0,208,208,1028.0,1039,1039,766-1050,All Students,Composite,1670497.0,26810.0,106,106,20.6,20.8,20.9,20.9
2019-20,767,Cartersville City,2050,Cartersville High School,All Students,Combined Test Score,2198460.0,43074.0,88,88,1028.0,1049,1049,767-2050,All Students,Composite,1670497.0,26810.0,147,147,20.6,20.8,21.0,21.0
2019-20,771,Commerce City,112,Commerce High School,All Students,Combined Test Score,2198460.0,43074.0,36,36,1028.0,1018,1018,771-112,All Students,Composite,1670497.0,26810.0,18,18,20.6,20.8,20.6,20.6
2019-20,772,Dalton Public Schools,4050,Dalton High School,All Students,Combined Test Score,2198460.0,43074.0,184,180,1028.0,970,972,772-4050,All Students,Composite,1670497.0,26810.0,82,80,20.6,20.8,19.8,19.8
2019-20,773,Decatur City,3050,Decatur High School,All Students,Combined Test Score,2198460.0,43074.0,168,168,1028.0,1147,1147,773-3050,All Students,Composite,1670497.0,26810.0,114,114,20.6,20.8,24.9,24.9
2019-20,774,Dublin City,211,Dublin High School,All Students,Combined Test Score,2198460.0,43074.0,41,41,1028.0,937,937,774-211,All Students,Composite,1670497.0,26810.0,41,41,20.6,20.8,16.7,16.7
2019-20,776,Gainesville City,3050,Gainesville High School,All Students,Combined Test Score,2198460.0,43074.0,165,165,1028.0,984,984,776-3050,All Students,Composite,1670497.0,26810.0,66,66,20.6,20.8,19.8,19.8
2019-20,779,Jefferson City,174,Jefferson High School,All Students,Combined Test Score,2198460.0,43074.0,133,133,1028.0,1110,1110,779-174,All Students,Composite,1670497.0,26810.0,67,67,20.6,20.8,22.7,22.7
2019-20,781,Marietta City,101,Marietta High School,All Students,Combined Test Score,2198460.0,43074.0,175,175,1028.0,1046,1046,781-101,All Students,Composite,1670497.0,26810.0,158,158,20.6,20.8,21.8,21.8
2019-20,7820412,State Charter Schools- Georgia Connections Academy,412,Georgia Connections Academy,All Students,Combined Test Score,2198460.0,43074.0,73,73,1028.0,1056,1056,7820412-412,All Students,Composite,1670497.0,26810.0,33,33,20.6,20.8,21.3,21.3
2019-20,784,Pelham City,111,Pelham High School,All Students,Combined Test Score,2198460.0,43074.0,20,20,1028.0,955,955,784-111,All Students,Composite,1670497.0,26810.0,29,29,20.6,20.8,17.8,17.8
2019-20,785,Rome City,193,Rome High School,All Students,Combined Test Score,2198460.0,43074.0,119,119,1028.0,1029,1029,785-193,All Students,Composite,1670497.0,26810.0,124,124,20.6,20.8,19.3,19.3
2019-20,786,Social Circle City,201,Social Circle High School,All Students,Combined Test Score,2198460.0,43074.0,29,29,1028.0,992,992,786-201,All Students,Composite,1670497.0,26810.0,10,10,20.6,20.8,21.3,21.3
2019-20,789,Thomasville City,4052,Thomasville High School,All Students,Combined Test Score,2198460.0,43074.0,56,56,1028.0,1040,1040,789-4052,All Students,Composite,1670497.0,26810.0,55,55,20.6,20.8,19.7,19.7
2019-20,791,Trion City,301,Trion High School,All Students,Combined Test Score,2198460.0,43074.0,13,13,1028.0,1091,1091,791-301,All Students,Composite,1670497.0,26810.0,44,44,20.6,20.8,19.6,19.6
2019-20,792,Valdosta City,273,Valdosta High School,All Students,Combined Test Score,2198460.0,43074.0,159,158,1028.0,988,988,792-273,All Students,Composite,1670497.0,26810.0,70,70,20.6,20.8,19.9,19.9
2019-20,793,Vidalia City,273,Vidalia Comprehensive High School,All Students,Combined Test Score,2198460.0,43074.0,66,66,1028.0,1022,1022,793-273,All Students,Composite,1670497.0,26810.0,28,28,20.6,20.8,18.5,18.5
