DETAIL_LVL_DESC,INSTN_NUMBER,SCHOOL_DSTRCT_CD,LONG_SCHOOL_YEAR,INSTN_NAME,SCHOOL_DSTRCT_NM,GRADES_SERVED_DESC,ENROLL_PERCENT_ASIAN,ENROLL_PERCENT_NATIVE,ENROLL_PERCENT_BLACK,ENROLL_PERCENT_HISPANIC,ENROLL_PERCENT_MULTIRACIAL,ENROLL_PERCENT_WHITE,ENROLL_PERCENT_MIGRANT,ENROLL_PERCENT_ED,ENROLL_PERCENT_SWD,ENROLL_PERCENT_LEP,ENROLL_COUNT_REMEDIAL_GR_6_8,ENROLL_PCT_REMEDIAL_GR_6_8,ENROLL_COUNT_EIP_K_5,ENROLL_PERCENT_EIP_K_5,ENROLL_COUNT_REMEDIAL_GR_9_12,ENROLL_PCT_REMEDIAL_GR_9_12,ENROLL_COUNT_SPECIAL_ED_K12,ENROLL_PCT_SPECIAL_ED_K12,ENROLL_COUNT_ESOL,ENROLL_PCT_ESOL,ENROLL_COUNT_SPECIAL_ED_PK,ENROLL_PCT_SPECIAL_ED_PK,ENROLL_COUNT_VOCATION_9_12,ENROLL_PCT_VOCATION_9_12,ENROLL_COUNT_ALT_PROGRAMS,ENROLL_PCT_ALT_PROGRAMS,ENROLL_COUNT_GIFTED,ENROLL_PCT_GIFTED,ENROLL_PERCENT_MALE,ENROLL_PERCENT_FEMALE,Identifier
School,0103,601,2019-20,Appling County High School,Appling County,"09,10,11,12",1.0,0.0,21.0,14.0,4.0,61.0,5,90.0,12.3,2,,,,,76.0,7.8,120,12.3,11.0,1.1,0,0.0,579.0,59.2,53.0,7.0,59.0,6.0,51.0,49.0,601-103
School,0189,605,2019-20,Baldwin High School,Baldwin County,"09,10,11,12",1.0,0.0,72.0,2.0,3.0,22.0,0,93.0,11.8,1,,,,,265.0,21.8,144,11.8,7.0,0.6,0,0.0,593.0,48.7,15.0,1.6,36.0,3.0,48.0,52.0,605-189
School,0199,606,2019-20,Banks County High School,Banks County,"09,10,11,12",1.0,0.0,2.0,9.0,2.0,86.0,0,51.0,14.6,2,,,,,104.0,12.1,125,14.6,15.0,1.7,0,0.0,620.0,72.2,1.0,0.2,85.0,9.9,54.0,46.0,606-199
School,0101,607,2019-20,Apalachee High School,Barrow County,"09,10,11,12",4.0,0.0,15.0,20.0,5.0,55.0,0,49.0,13.6,6,,,,,483.0,24.6,268,13.6,81.0,4.1,0,0.0,1138.0,57.9,31.0,2.0,212.0,10.8,51.0,49.0,607-101
School,3052,607,2019-20,Winder-Barrow High School,Barrow County,"09,10,11,12",6.0,0.0,15.0,18.0,4.0,57.0,0,45.0,12.9,6,,,,,31.0,1.5,274,12.9,66.0,3.1,0,0.0,1325.0,62.4,29.0,1.8,293.0,13.8,51.0,49.0,607-3052
School,0105,608,2019-20,Adairsville High School,Bartow County,"09,10,11,12",1.0,0.0,6.0,8.0,3.0,82.0,0,43.0,12.7,2,,,,,23.0,2.4,121,12.7,11.0,1.2,0,0.0,532.0,55.8,9.0,1.2,157.0,16.5,50.0,50.0,608-105
School,0114,608,2019-20,Cass High School,Bartow County,"09,10,11,12",3.0,0.0,15.0,18.0,5.0,58.0,0,51.0,12.2,4,,,,,27.0,1.8,182,12.2,36.0,2.4,0,0.0,957.0,64.4,10.0,0.9,169.0,11.4,51.0,49.0,608-114
School,0198,608,2019-20,Woodland High School,Bartow County,"09,10,11,12",0.0,0.0,6.0,15.0,4.0,75.0,0,43.0,10.1,2,,,,,252.0,16.9,150,10.1,18.0,1.2,0,0.0,618.0,41.5,16.0,1.4,190.0,12.8,51.0,49.0,608-198
School,0291,609,2019-20,Fitzgerald High School,Ben Hill County,"09,10,11,12",1.0,0.0,44.0,15.0,3.0,37.0,1,65.0,14.6,1,,,,,426.0,53.1,117,14.6,8.0,1.0,0,0.0,517.0,64.5,9.0,1.5,68.0,8.5,50.0,50.0,609-291
School,0101,610,2019-20,Berrien High School,Berrien County,"09,10,11,12",1.0,0.0,12.0,10.0,3.0,73.0,2,51.0,10.2,1,,,,,162.0,19.4,85,10.2,8.0,1.0,0,0.0,576.0,69.0,14.0,2.2,75.0,9.0,52.0,48.0,610-101
School,0105,611,2019-20,Howard High School,Bibb County,"09,10,11,12",4.0,0.0,66.0,6.0,3.0,22.0,0,95.0,11.0,3,,,,,181.0,15.5,129,11.0,18.0,1.5,0,0.0,700.0,59.8,16.0,1.8,97.0,8.3,51.0,49.0,611-105
School,0186,611,2019-20,Central High School,Bibb County,"09,10,11,12",1.0,0.0,89.0,3.0,2.0,5.0,0,95.0,6.8,0,,,,,142.0,14.6,66,6.8,0.0,0.0,0,0.0,443.0,45.4,20.0,2.7,97.0,9.9,44.0,56.0,611-186
School,0198,611,2019-20,Westside High School,Bibb County,"09,10,11,12",1.0,0.0,87.0,4.0,2.0,5.0,0,95.0,10.3,1,,,,,1.0,0.1,102,10.3,8.0,0.8,0,0.0,542.0,54.7,17.0,2.2,41.0,4.1,49.0,51.0,611-198
School,0204,611,2019-20,Rutland High School,Bibb County,"09,10,11,12",2.0,0.0,45.0,13.0,4.0,37.0,0,95.0,11.6,5,,,,,102.0,11.2,106,11.6,35.0,3.8,0,0.0,522.0,57.2,6.0,0.9,83.0,9.1,52.0,48.0,611-204
School,0286,611,2019-20,Northeast High School,Bibb County,"09,10,11,12",0.0,0.0,95.0,1.0,2.0,2.0,0,95.0,9.3,0,,,,,4.0,0.5,68,9.3,0.0,0.0,0,0.0,580.0,79.5,23.0,4.1,14.0,1.9,51.0,49.0,611-286
School,0386,611,2019-20,Southwest High School,Bibb County,"09,10,11,12",0.0,0.0,95.0,2.0,1.0,2.0,0,98.0,13.6,0,,,,,70.0,8.5,112,13.6,0.0,0.0,0,0.0,394.0,47.7,26.0,4.3,27.0,3.3,46.0,54.0,611-386
School,0105,612,2019-20,Bleckley County High School,Bleckley County,"09,10,11,12",1.0,0.0,25.0,4.0,3.0,67.0,0,50.0,13.7,0,,,,,120.0,18.5,89,13.7,0.0,0.0,0,0.0,422.0,64.9,0.0,0.0,88.0,13.5,51.0,49.0,612-105
School,1050,613,2019-20,Brantley County High School,Brantley County,"09,10,11,12",1.0,0.0,3.0,3.0,2.0,92.0,0,70.0,13.8,1,,,,,112.0,11.5,134,13.8,5.0,0.5,0,0.0,698.0,72.0,29.0,4.2,125.0,12.9,49.0,51.0,613-1050
School,0110,614,2019-20,Brooks County High School,Brooks County,"06,07,08,09,10,11,12",1.0,0.0,49.0,14.0,3.0,33.0,1,99.0,11.6,3,,,,,167.0,35.2,55,11.6,12.0,2.5,0,0.0,371.0,78.1,0.0,0.0,42.0,8.8,51.0,49.0,614-110
School,0182,615,2019-20,Richmond Hill High School,Bryan County,"09,10,11,12",3.0,0.0,16.0,12.0,6.0,63.0,0,23.0,10.1,2,,,,,481.0,20.5,236,10.1,7.0,0.3,0,0.0,1264.0,54.0,10.0,0.6,256.0,10.9,51.0,49.0,615-182
School,0502,615,2019-20,Bryan County High School,Bryan County,"09,10,11,12",1.0,0.0,22.0,3.0,6.0,68.0,0,67.0,13.5,0,,,,,103.0,18.6,75,13.5,0.0,0.0,0,0.0,338.0,61.0,10.0,2.4,29.0,5.2,50.0,50.0,615-502
School,0203,616,2019-20,Southeast Bulloch High School,Bulloch County,"PK,09,10,11,12",1.0,0.0,12.0,5.0,3.0,79.0,0,36.0,13.2,1,,,,,40.0,3.7,143,13.2,1.0,0.1,0,0.0,593.0,54.8,8.0,1.0,158.0,14.6,53.0,47.0,616-203
School,2054,616,2019-20,Statesboro High School,Bulloch County,"PK,09,10,11,12",2.0,0.0,50.0,8.0,3.0,36.0,1,58.0,14.7,3,,,,,350.0,21.1,244,14.7,20.0,1.2,2,10.0,1123.0,67.8,41.0,3.2,197.0,11.9,51.0,49.0,616-2054
School,4052,616,2019-20,Portal Middle/High School,Bulloch County,"PK,06,07,08,09,10,11,12",1.0,0.0,30.0,5.0,4.0,61.0,0,60.0,11.0,1,44.0,21.5,,,39.0,16.1,49,11.0,2.0,0.4,0,0.0,172.0,71.1,4.0,1.0,88.0,19.7,51.0,49.0,616-4052
School,0288,617,2019-20,Burke County High School,Burke County,"09,10,11,12",1.0,0.0,61.0,3.0,3.0,32.0,0,100.0,8.6,0,,,,,164.0,13.3,106,8.6,6.0,0.5,0,0.0,697.0,56.7,46.0,4.9,26.0,2.1,50.0,50.0,617-288
School,0190,618,2019-20,Jackson High School,Butts County,"09,10,11,12",0.0,0.0,33.0,4.0,4.0,59.0,0,89.0,11.9,1,,,,,49.0,4.9,118,11.9,4.0,0.4,0,0.0,548.0,55.1,24.0,3.1,139.0,14.0,51.0,49.0,618-190
School,0295,620,2019-20,Camden County High School,Camden County,"09,10,11,12",2.0,0.0,21.0,8.0,7.0,61.0,0,39.0,11.0,1,,,,,293.0,11.8,274,11.0,7.0,0.3,0,0.0,1439.0,57.9,90.0,4.8,311.0,12.5,51.0,49.0,620-295
School,0101,621,2019-20,Metter High School,Candler County,"09,10,11,12",1.0,0.0,32.0,18.0,1.0,48.0,2,90.0,11.2,2,,,,,63.0,10.9,65,11.2,10.0,1.7,0,0.0,338.0,58.4,10.0,2.2,66.0,11.4,50.0,50.0,621-101
School,0189,622,2019-20,Temple High School,Carroll County,"09,10,11,12",1.0,0.0,15.0,7.0,5.0,72.0,0,59.0,14.0,2,,,,,58.0,9.7,84,14.0,8.0,1.3,0,0.0,426.0,71.0,3.0,0.7,92.0,15.3,55.0,45.0,622-189
School,0212,622,2019-20,Mt. Zion High School,Carroll County,"09,10,11,12",1.0,0.0,8.0,11.0,9.0,72.0,0,62.0,12.1,2,,,,,20.0,5.0,48,12.1,9.0,2.3,0,0.0,232.0,58.4,5.0,1.7,22.0,5.5,50.0,50.0,622-212
School,2052,622,2019-20,Central High School,Carroll County,"09,10,11,12",0.0,0.0,11.0,10.0,5.0,73.0,0,49.0,17.1,3,,,,,40.0,3.5,193,17.1,29.0,2.6,0,0.0,750.0,66.3,24.0,2.8,208.0,18.4,51.0,49.0,622-2052
School,3050,622,2019-20,Bowdon High School,Carroll County,"09,10,11,12",0.0,0.0,11.0,8.0,8.0,72.0,0,53.0,17.2,1,,,,,21.0,4.8,75,17.2,1.0,0.2,0,0.0,266.0,60.9,5.0,1.5,45.0,10.3,55.0,45.0,622-3050
School,5054,622,2019-20,Villa Rica High School,Carroll County,"09,10,11,12",1.0,0.0,25.0,11.0,7.0,57.0,0,54.0,12.9,2,,,,,92.0,5.7,208,12.9,30.0,1.9,0,0.0,959.0,59.6,30.0,2.5,198.0,12.3,53.0,47.0,622-5054
School,0109,623,2019-20,Heritage High School,Catoosa County,"09,10,11,12",1.0,0.0,2.0,3.0,3.0,91.0,0,26.0,20.0,0,,,,,181.0,14.2,254,20.0,1.0,0.1,0,0.0,533.0,41.9,61.0,6.4,320.0,25.2,52.0,48.0,623-109
School,4052,623,2019-20,Ringgold High School,Catoosa County,"09,10,11,12",2.0,0.0,2.0,3.0,2.0,91.0,0,37.0,17.2,1,,,,,186.0,17.6,181,17.2,5.0,0.5,0,0.0,589.0,55.8,28.0,3.7,216.0,20.5,53.0,47.0,623-4052
School,0101,625,2019-20,Johnson High School,Savannah-Chatham County,"09,10,11,12",0.0,0.0,88.0,4.0,3.0,4.0,0,77.0,11.4,2,,,,,260.0,33.4,89,11.4,8.0,1.0,0,0.0,400.0,51.3,5.0,0.8,71.0,9.1,46.0,54.0,625-101
School,0115,625,2019-20,Woodville-Tompkins Technical and Career High School,Savannah-Chatham County,"09,10,11,12",1.0,0.0,68.0,12.0,7.0,10.0,0,54.0,4.6,1,,,,,162.0,24.2,31,4.6,0.0,0.0,1,4.8,522.0,77.9,0.0,0.0,156.0,23.3,37.0,63.0,625-115
School,0117,625,2019-20,New Hampstead High School,Savannah-Chatham County,"09,10,11,12",4.0,0.0,49.0,14.0,6.0,27.0,0,49.0,13.2,6,,,,,502.0,41.0,162,13.2,29.0,2.4,0,0.0,294.0,24.0,9.0,1.0,123.0,10.0,53.0,47.0,625-117
School,0411,625,2019-20,Islands High School,Savannah-Chatham County,"09,10,11,12",4.0,0.0,17.0,9.0,6.0,64.0,0,27.0,10.3,2,,,,,98.0,9.5,106,10.3,1.0,0.1,0,0.0,652.0,63.2,4.0,0.5,274.0,26.6,50.0,50.0,625-411
School,0499,625,2019-20,Savannah Arts Academy,Savannah-Chatham County,"09,10,11,12",8.0,0.0,13.0,7.0,9.0,63.0,0,12.0,1.8,0,,,,,0.0,0.0,17,1.8,0.0,0.0,0,0.0,215.0,22.3,0.0,0.0,590.0,61.3,31.0,69.0,625-499
School,2052,625,2019-20,Beach High School,Savannah-Chatham County,"09,10,11,12",0.0,0.0,86.0,7.0,3.0,3.0,0,77.0,14.6,3,,,,,310.0,31.8,142,14.6,22.0,2.3,0,0.0,573.0,58.8,27.0,3.6,57.0,5.9,45.0,55.0,625-2052
School,5060,625,2019-20,Jenkins High School,Savannah-Chatham County,"09,10,11,12",4.0,0.0,60.0,9.0,5.0,21.0,0,56.0,11.7,4,,,,,164.0,15.6,123,11.7,25.0,2.4,0,0.0,585.0,55.6,8.0,1.0,218.0,20.7,57.0,43.0,625-5060
School,5070,625,2019-20,Windsor Forest High School,Savannah-Chatham County,"09,10,11,12",2.0,0.0,69.0,12.0,6.0,11.0,0,66.0,15.0,3,,,,,184.0,18.2,152,15.0,12.0,1.2,0,0.0,541.0,53.5,4.0,0.5,109.0,10.8,52.0,48.0,625-5070
School,1050,627,2019-20,Chattooga High School,Chattooga County,"09,10,11,12",0.0,0.0,8.0,6.0,5.0,80.0,0,68.0,18.9,1,,,,,132.0,17.6,142,18.9,4.0,0.5,0,0.0,619.0,82.5,6.0,1.2,107.0,14.3,52.0,48.0,627-1050
School,0106,628,2019-20,Creekview High School,Cherokee County,"09,10,11,12",1.0,0.0,2.0,8.0,2.0,87.0,0,12.0,9.5,1,,,,,110.0,5.4,191,9.5,15.0,0.7,0,0.0,1250.0,61.9,1.0,0.1,318.0,15.7,51.0,49.0,628-106
School,0115,628,2019-20,River Ridge High School,Cherokee County,"09,10,11,12",4.0,0.0,8.0,21.0,4.0,63.0,0,20.0,11.4,5,,,,,123.0,6.3,223,11.4,34.0,1.7,0,0.0,933.0,47.8,17.0,1.1,307.0,15.7,52.0,48.0,628-115
School,0176,628,2019-20,Etowah High School,Cherokee County,"09,10,11,12",2.0,0.0,11.0,20.0,4.0,63.0,0,24.0,9.7,5,,,,,122.0,4.9,240,9.7,79.0,3.2,0,0.0,1159.0,46.9,54.0,2.9,364.0,14.7,52.0,48.0,628-176
School,0191,628,2019-20,Sequoyah High School,Cherokee County,"09,10,11,12",2.0,0.0,7.0,15.0,3.0,72.0,0,20.0,11.0,3,,,,,188.0,9.3,223,11.0,31.0,1.5,0,0.0,939.0,46.3,8.0,0.5,274.0,13.5,51.0,49.0,628-191
School,0197,628,2019-20,Woodstock High School,Cherokee County,"09,10,11,12",3.0,0.0,12.0,18.0,5.0,63.0,0,25.0,9.8,5,,,,,226.0,9.7,229,9.8,78.0,3.3,0,0.0,1080.0,46.2,58.0,3.3,330.0,14.1,52.0,48.0,628-197
School,5050,628,2019-20,Cherokee High School,Cherokee County,"09,10,11,12",1.0,0.0,7.0,28.0,3.0,62.0,0,37.0,12.8,11,,,,,362.0,12.9,360,12.8,222.0,7.9,0,0.0,1343.0,47.7,20.0,0.9,224.0,8.0,52.0,48.0,628-5050
School,0102,629,2019-20,Cedar Shoals High School,Clarke County,"09,10,11,12",1.0,0.0,53.0,29.0,3.0,13.0,1,86.0,16.7,7,,,,,128.0,9.3,230,16.7,67.0,4.9,0,0.0,525.0,38.2,19.0,1.8,138.0,10.0,50.0,50.0,629-102
School,5556,629,2019-20,Clarke Central High School,Clarke County,"09,10,11,12",2.0,0.0,43.0,25.0,4.0,26.0,0,53.0,12.4,7,,,,,379.0,21.5,219,12.4,79.0,4.5,0,0.0,520.0,29.5,31.0,2.2,339.0,19.3,49.0,51.0,629-5556
School,0104,631,2019-20,Mundy's Mill High School,Clayton County,"09,10,11,12",2.0,0.0,81.0,14.0,2.0,1.0,0,93.0,15.1,3,,,,,253.0,15.6,245,15.1,23.0,1.4,0,0.0,890.0,54.7,29.0,2.2,54.0,3.3,51.0,49.0,631-104
School,0114,631,2019-20,Elite Scholars Academy School,Clayton County,"06,07,08,09,10,11,12",10.0,0.0,70.0,16.0,3.0,1.0,0,93.0,0.3,3,0.0,0.0,,,0.0,0.0,2,0.3,0.0,0.0,0,0.0,77.0,22.1,0.0,0.0,220.0,32.1,40.0,60.0,631-114
School,0115,631,2019-20,Charles R. Drew High School,Clayton County,"09,10,11,12",3.0,0.0,64.0,29.0,2.0,2.0,0,93.0,13.8,9,,,,,217.0,13.7,219,13.8,91.0,5.7,0,0.0,871.0,55.0,32.0,2.6,95.0,6.0,47.0,53.0,631-115
School,0190,631,2019-20,Lovejoy High School,Clayton County,"09,10,11,12",1.0,0.0,81.0,14.0,2.0,2.0,0,93.0,12.5,3,,,,,205.0,11.1,229,12.5,28.0,1.5,0,0.0,908.0,49.4,40.0,2.7,122.0,6.6,50.0,50.0,631-190
School,0215,631,2019-20,Martha Ellen Stilwell School for the Performing Arts,Clayton County,"09,10,11,12",6.0,0.0,77.0,12.0,2.0,3.0,0,93.0,2.8,1,,,,,0.0,0.0,16,2.8,0.0,0.0,0,0.0,0.0,0.0,0.0,0.0,101.0,17.5,27.0,73.0,631-215
School,0290,631,2019-20,Mount Zion High School,Clayton County,"09,10,11,12",3.0,0.0,71.0,21.0,3.0,2.0,0,93.0,12.7,7,,,,,77.0,5.9,164,12.7,51.0,3.9,0,0.0,767.0,59.2,18.0,1.7,46.0,3.5,53.0,47.0,631-290
School,0377,631,2019-20,Riverdale High School,Clayton County,"09,10,11,12",3.0,0.0,79.0,15.0,1.0,1.0,0,93.0,15.2,6,,,,,169.0,13.1,196,15.2,40.0,3.1,0,0.0,594.0,46.0,32.0,3.1,39.0,3.0,50.0,50.0,631-377
School,1054,631,2019-20,Forest Park High School,Clayton County,"09,10,11,12",8.0,0.0,41.0,47.0,1.0,3.0,0,93.0,11.7,17,,,,,364.0,21.5,199,11.7,174.0,10.3,0,0.0,848.0,50.1,41.0,3.0,77.0,4.5,51.0,49.0,631-1054
School,1056,631,2019-20,Jonesboro High School,Clayton County,"09,10,11,12",3.0,1.0,69.0,21.0,3.0,3.0,0,93.0,17.5,5,,,,,163.0,11.8,243,17.5,36.0,2.6,0,0.0,624.0,45.1,31.0,2.8,94.0,6.8,50.0,50.0,631-1056
School,2052,631,2019-20,North Clayton High School,Clayton County,"09,10,11,12",2.0,0.0,87.0,10.0,1.0,0.0,0,93.0,14.1,6,,,,,35.0,3.0,163,14.1,38.0,3.3,0,0.0,530.0,45.8,24.0,2.6,26.0,2.2,48.0,52.0,631-2052
School,4058,631,2019-20,Morrow High School,Clayton County,"09,10,11,12",12.0,0.0,66.0,18.0,3.0,2.0,0,93.0,12.3,7,,,,,72.0,4.0,221,12.3,71.0,4.0,0,0.0,653.0,36.4,15.0,1.1,124.0,6.9,52.0,48.0,631-4058
School,0101,633,2019-20,Kennesaw Mountain High School,Cobb County,"09,10,11,12",8.0,0.0,29.0,18.0,4.0,40.0,0,28.0,11.9,5,,,,,233.0,12.7,219,11.9,54.0,2.9,0,0.0,731.0,39.7,1.0,0.1,486.0,26.4,51.0,49.0,633-101
School,0103,633,2019-20,Kell High School,Cobb County,"09,10,11,12",3.0,0.0,21.0,17.0,6.0,52.0,0,31.0,17.7,4,,,,,266.0,17.7,266,17.7,13.0,0.9,0,0.0,485.0,32.3,13.0,1.2,292.0,19.4,53.0,47.0,633-103
School,0175,633,2019-20,Walton High School,Cobb County,"09,10,11,12",20.0,0.0,6.0,6.0,3.0,65.0,0,3.0,9.8,3,,,,,97.0,3.7,259,9.8,23.0,0.9,0,0.0,661.0,24.9,1.0,0.0,1074.0,40.5,50.0,50.0,633-175
School,0188,633,2019-20,Pope High School,Cobb County,"09,10,11,12",7.0,0.0,6.0,7.0,3.0,78.0,0,6.0,12.7,2,,,,,84.0,4.3,246,12.7,12.0,0.6,0,0.0,657.0,33.8,1.0,0.1,646.0,33.2,52.0,48.0,633-188
School,0192,633,2019-20,Harrison High School,Cobb County,"09,10,11,12",3.0,0.0,13.0,6.0,3.0,75.0,0,7.0,9.7,1,,,,,108.0,4.6,229,9.7,4.0,0.2,0,0.0,867.0,36.9,3.0,0.2,663.0,28.2,49.0,51.0,633-192
School,0209,633,2019-20,Allatoona High School,Cobb County,"09,10,11,12",4.0,0.0,19.0,12.0,4.0,62.0,0,17.0,14.9,3,,,,,121.0,6.8,266,14.9,11.0,0.6,0,0.0,743.0,41.6,4.0,0.3,345.0,19.3,50.0,50.0,633-209
School,0373,633,2019-20,Sprayberry High School,Cobb County,"09,10,11,12",8.0,1.0,27.0,23.0,5.0,36.0,0,36.0,15.5,9,,,,,445.0,25.0,275,15.5,75.0,4.2,0,0.0,762.0,42.9,15.0,1.1,234.0,13.2,51.0,49.0,633-373
School,0381,633,2019-20,Lassiter High School,Cobb County,"09,10,11,12",8.0,0.0,6.0,10.0,5.0,71.0,0,7.0,11.0,2,,,,,128.0,6.2,227,11.0,6.0,0.3,0,0.0,582.0,28.1,8.0,0.5,676.0,32.7,49.0,51.0,633-381
School,0707,633,2019-20,Hillgrove High School,Cobb County,"09,10,11,12",4.0,0.0,34.0,12.0,5.0,45.0,0,20.0,9.8,2,,,,,224.0,9.5,229,9.8,13.0,0.6,0,0.0,821.0,35.0,5.0,0.3,549.0,23.4,49.0,51.0,633-707
School,1054,633,2019-20,Campbell High School,Cobb County,"09,10,11,12",4.0,0.0,39.0,32.0,4.0,21.0,0,52.0,10.3,11,,,,,738.0,25.2,300,10.3,161.0,5.5,0,0.0,1178.0,40.3,20.0,0.9,560.0,19.2,47.0,53.0,633-1054
School,1064,633,2019-20,McEachern High School,Cobb County,"09,10,11,12",1.0,0.0,69.0,18.0,4.0,8.0,0,57.0,13.2,5,,,,,572.0,23.7,318,13.2,61.0,2.5,0,0.0,1156.0,47.9,18.0,1.0,174.0,7.2,52.0,48.0,633-1064
School,1069,633,2019-20,Wheeler High School,Cobb County,"09,10,11,12",13.0,0.0,37.0,20.0,3.0,27.0,0,37.0,8.7,12,,,,,593.0,27.2,189,8.7,174.0,8.0,0,0.0,853.0,39.1,14.0,0.8,563.0,25.8,55.0,45.0,633-1069
School,2056,633,2019-20,North Cobb High School,Cobb County,"09,10,11,12",5.0,0.0,37.0,20.0,5.0,33.0,0,39.0,13.8,5,,,,,452.0,16.0,389,13.8,62.0,2.2,0,0.0,1105.0,39.1,13.0,0.6,453.0,16.0,48.0,52.0,633-2056
School,2066,633,2019-20,Osborne High School,Cobb County,"09,10,11,12",1.0,0.0,27.0,67.0,1.0,4.0,0,80.0,14.3,26,,,,,940.0,43.1,312,14.3,356.0,16.3,0,0.0,1226.0,56.2,14.0,0.8,98.0,4.5,52.0,48.0,633-2066
School,3056,633,2019-20,South Cobb High School,Cobb County,"09,10,11,12",1.0,0.0,60.0,28.0,2.0,7.0,0,71.0,13.1,9,,,,,1024.0,51.1,263,13.1,89.0,4.4,0,0.0,995.0,49.6,21.0,1.4,160.0,8.0,47.0,53.0,633-3056
School,4066,633,2019-20,Pebblebrook High School,Cobb County,"09,10,11,12",0.0,0.0,57.0,35.0,2.0,6.0,0,70.0,13.2,12,,,,,1361.0,56.2,320,13.2,181.0,7.5,0,0.0,1047.0,43.2,19.0,1.1,140.0,5.8,48.0,52.0,633-4066
School,0195,634,2019-20,Coffee County High School,Coffee County,"09,10,11,12",1.0,0.0,30.0,20.0,2.0,46.0,3,66.0,8.2,2,,,,,113.0,8.8,105,8.2,22.0,1.7,0,0.0,633.0,49.3,9.0,1.1,158.0,12.3,48.0,52.0,634-195
School,1554,635,2019-20,Colquitt County High School,Colquitt County,"10,11,12",1.0,0.0,27.0,29.0,3.0,40.0,5,64.0,12.6,10,,,,,86.0,4.8,225,12.6,114.0,6.4,0,0.0,1172.0,65.7,53.0,4.4,335.0,18.8,54.0,46.0,635-1554
School,0112,636,2019-20,Grovetown High School,Columbia County,"09,10,11,12",2.0,0.0,40.0,13.0,7.0,37.0,0,36.0,9.8,2,,,,,513.0,24.8,202,9.8,20.0,1.0,0,0.0,1275.0,61.6,32.0,2.0,193.0,9.3,49.0,51.0,636-112
School,0183,636,2019-20,Harlem High School,Columbia County,"09,10,11,12",1.0,0.0,18.0,9.0,5.0,67.0,0,38.0,8.7,1,,,,,233.0,20.8,97,8.7,6.0,0.5,0,0.0,682.0,60.9,9.0,1.1,103.0,9.2,51.0,49.0,636-183
School,0189,636,2019-20,Lakeside High School,Columbia County,"09,10,11,12",10.0,0.0,17.0,7.0,5.0,61.0,0,23.0,7.9,2,,,,,222.0,11.8,149,7.9,12.0,0.6,0,0.0,728.0,38.8,23.0,1.6,369.0,19.7,51.0,49.0,636-189
School,0197,636,2019-20,Greenbrier High School,Columbia County,"09,10,11,12",4.0,0.0,15.0,7.0,5.0,69.0,0,11.0,7.1,1,,,,,104.0,6.4,115,7.1,0.0,0.0,0,0.0,866.0,53.2,5.0,0.4,324.0,19.9,49.0,51.0,636-197
School,4050,636,2019-20,Evans High School,Columbia County,"09,10,11,12",4.0,0.0,22.0,9.0,6.0,58.0,0,32.0,8.3,1,,,,,441.0,23.1,158,8.3,9.0,0.5,0,0.0,1215.0,63.8,24.0,1.7,263.0,13.8,50.0,50.0,636-4050
School,0111,637,2019-20,Cook High School,Cook County,"09,10,11,12",2.0,0.0,35.0,9.0,3.0,51.0,2,67.0,11.2,2,,,,,314.0,36.7,96,11.2,12.0,1.4,0,0.0,448.0,52.3,10.0,1.6,91.0,10.6,50.0,50.0,637-111
School,0196,638,2019-20,Northgate High School,Coweta County,"09,10,11,12",3.0,1.0,14.0,9.0,4.0,70.0,0,21.0,8.6,1,,,,,361.0,20.7,150,8.6,10.0,0.6,0,0.0,568.0,32.5,9.0,0.7,332.0,19.0,52.0,48.0,638-196
School,0389,638,2019-20,East Coweta High School,Coweta County,"09,10,11,12",3.0,0.0,25.0,12.0,4.0,55.0,0,31.0,10.2,3,,,,,38.0,1.2,332,10.2,44.0,1.4,0,0.0,1418.0,43.7,64.0,2.6,552.0,17.0,51.0,49.0,638-389
School,5054,638,2019-20,Newnan High School,Coweta County,"09,10,11,12",1.0,0.0,27.0,8.0,5.0,59.0,0,42.0,12.1,2,,,,,554.0,24.6,273,12.1,17.0,0.8,0,0.0,796.0,35.4,63.0,3.6,389.0,17.3,51.0,49.0,638-5054
School,0193,639,2019-20,Crawford County High School,Crawford County,"09,10,11,12",0.0,0.0,22.0,4.0,4.0,69.0,0,63.0,15.8,1,,,,,29.0,5.9,77,15.8,5.0,1.0,0,0.0,424.0,86.9,8.0,2.1,32.0,6.6,52.0,48.0,639-193
School,0196,640,2019-20,Crisp County High School,Crisp County,"09,10,11,12",2.0,0.0,56.0,5.0,2.0,35.0,0,100.0,10.3,1,,,,,201.0,18.9,110,10.3,1.0,0.1,0,0.0,669.0,62.8,0.0,0.0,53.0,5.0,50.0,50.0,640-196
School,0195,641,2019-20,Dade County High School,Dade County,"09,10,11,12",0.0,0.0,1.0,3.0,2.0,94.0,0,48.0,18.0,0,,,,,72.0,11.4,114,18.0,1.0,0.2,0,0.0,374.0,59.2,5.0,1.1,68.0,10.8,54.0,46.0,641-195
School,0198,642,2019-20,Dawson County High School,Dawson County,"10,11,12",1.0,0.0,1.0,8.0,1.0,89.0,0,32.0,12.8,2,,,,,12.0,1.4,107,12.8,10.0,1.2,0,0.0,477.0,57.3,21.0,3.8,59.0,7.1,51.0,49.0,642-198
School,3050,643,2019-20,Bainbridge High School,Decatur County,"09,10,11,12",0.0,0.0,47.0,12.0,2.0,39.0,2,100.0,9.1,3,,,,,427.0,30.9,125,9.1,29.0,2.1,0,0.0,791.0,57.3,0.0,0.0,107.0,7.8,49.0,51.0,643-3050
School,0103,644,2019-20,"Martin Luther King, Jr. High School",DeKalb County,"09,10,11,12",0.0,0.0,95.0,2.0,2.0,1.0,0,76.0,12.5,1,,,,,0.0,0.0,179,12.5,3.0,0.2,0,0.0,776.0,54.1,0.0,0.0,56.0,3.9,50.0,50.0,644-103
School,0105,644,2019-20,Miller Grove High School,DeKalb County,"09,10,11,12",1.0,0.0,94.0,2.0,2.0,0.0,0,74.0,14.4,3,,,,,0.0,0.0,180,14.4,9.0,0.7,0,0.0,587.0,46.8,0.0,0.0,56.0,4.5,49.0,51.0,644-105
School,0172,644,2019-20,Cedar Grove High School,DeKalb County,"09,10,11,12",0.0,0.0,94.0,3.0,1.0,1.0,0,99.0,15.3,1,,,,,0.0,0.0,167,15.3,2.0,0.2,0,0.0,493.0,45.3,0.0,0.0,53.0,4.9,52.0,48.0,644-172
School,0176,644,2019-20,Redan High School,DeKalb County,"09,10,11,12",1.0,0.0,91.0,6.0,1.0,1.0,0,73.0,14.8,3,,,,,0.0,0.0,136,14.8,18.0,2.0,0,0.0,388.0,42.2,0.0,0.0,37.0,4.0,54.0,46.0,644-176
School,0202,644,2019-20,Lithonia High School,DeKalb County,"09,10,11,12",0.0,0.0,92.0,5.0,2.0,1.0,0,79.0,15.2,3,,,,,0.0,0.0,207,15.2,26.0,1.9,0,0.0,593.0,43.5,0.0,0.0,51.0,3.7,53.0,47.0,644-202
School,0276,644,2019-20,Stone Mountain High School,DeKalb County,"09,10,11,12",10.0,0.0,77.0,9.0,1.0,2.0,0,99.0,12.2,20,,,,,50.0,4.3,144,12.2,181.0,15.4,0,0.0,538.0,45.7,0.0,0.0,54.0,4.6,53.0,47.0,644-276
School,0407,644,2019-20,Dekalb Early College Academy,DeKalb County,"09,10,11,12",4.0,0.0,84.0,9.0,2.0,1.0,0,62.0,1.3,4,,,,,0.0,0.0,4,1.3,0.0,0.0,0,0.0,0.0,0.0,465.0,100.0,57.0,19.1,35.0,65.0,644-407
School,0410,644,2019-20,DeKalb School of the Arts,DeKalb County,"08,09,10,11,12",2.0,0.0,58.0,1.0,4.0,34.0,0,25.0,4.2,0,0.0,0.0,,,0.0,0.0,18,4.2,0.0,0.0,0,0.0,91.0,26.6,0.0,0.0,240.0,55.7,18.0,82.0,644-410
School,0497,644,2019-20,Stephenson High School,DeKalb County,"09,10,11,12",1.0,0.0,94.0,4.0,1.0,1.0,0,69.0,11.8,2,,,,,30.0,2.2,163,11.8,15.0,1.1,0,0.0,764.0,55.3,0.0,0.0,125.0,9.0,49.0,51.0,644-497
School,0610,644,2019-20,"Arabia Mountain High School - Academy of Engineering, Medicine and Environm",DeKalb County,"09,10,11,12",1.0,0.0,96.0,2.0,1.0,0.0,0,55.0,3.6,1,,,,,0.0,0.0,44,3.6,6.0,0.5,0,0.0,824.0,67.5,0.0,0.0,221.0,18.1,42.0,58.0,644-610
School,1070,644,2019-20,Tucker High School,DeKalb County,"09,10,11,12",12.0,0.0,63.0,14.0,3.0,9.0,0,58.0,7.8,23,,,,,96.0,5.5,137,7.8,311.0,17.8,0,0.0,1098.0,62.9,0.0,0.0,276.0,15.8,53.0,47.0,644-1070
School,2054,644,2019-20,Columbia High School,DeKalb County,"09,10,11,12",0.0,0.0,96.0,2.0,1.0,1.0,0,99.0,14.6,1,,,,,150.0,17.5,125,14.6,2.0,0.2,0,0.0,558.0,65.3,0.0,0.0,52.0,6.1,48.0,52.0,644-2054
School,2055,644,2019-20,Druid Hills High School,DeKalb County,"09,10,11,12",12.0,0.0,40.0,14.0,4.0,29.0,0,37.0,13.0,14,,,,,28.0,2.1,176,13.0,100.0,7.4,0,0.0,507.0,37.4,0.0,0.0,265.0,19.6,52.0,48.0,644-2055
School,3060,644,2019-20,Lakeside High School,DeKalb County,"09,10,11,12",6.0,1.0,23.0,36.0,2.0,33.0,0,39.0,9.6,15,,,,,112.0,5.4,200,9.6,187.0,9.0,0,0.0,1062.0,51.1,0.0,0.0,610.0,29.3,51.0,49.0,644-3060
School,3070,644,2019-20,McNair High School,DeKalb County,"09,10,11,12",1.0,0.0,94.0,3.0,1.0,1.0,0,99.0,17.3,2,,,,,88.0,14.2,107,17.3,1.0,0.2,0,0.0,416.0,67.3,0.0,0.0,23.0,3.7,47.0,53.0,644-3070
School,4053,644,2019-20,Clarkston High School,DeKalb County,"09,10,11,12",32.0,0.0,57.0,4.0,1.0,5.0,0,99.0,10.5,54,,,,,4.0,0.3,155,10.5,650.0,44.2,0,0.0,662.0,45.0,0.0,0.0,40.0,2.7,53.0,47.0,644-4053
School,4054,644,2019-20,Cross Keys High School,DeKalb County,"09,10,11,12",5.0,0.0,4.0,90.0,0.0,0.0,0,72.0,8.2,52,,,,,0.0,0.0,134,8.2,636.0,38.7,0,0.0,699.0,42.5,0.0,0.0,63.0,3.8,53.0,47.0,644-4054
School,4069,644,2019-20,Towers High School,DeKalb County,"09,10,11,12",3.0,0.0,88.0,8.0,1.0,1.0,0,99.0,14.1,6,,,,,0.0,0.0,104,14.1,13.0,1.8,0,0.0,361.0,49.0,0.0,0.0,28.0,3.8,53.0,47.0,644-4069
School,5052,644,2019-20,Chamblee Charter High School,DeKalb County,"09,10,11,12",13.0,0.0,21.0,29.0,3.0,33.0,0,36.0,8.2,14,,,,,0.0,0.0,145,8.2,166.0,9.4,0,0.0,774.0,43.9,0.0,0.0,787.0,44.7,50.0,50.0,644-5052
School,5055,644,2019-20,Dunwoody High School,DeKalb County,"09,10,11,12",7.0,0.0,15.0,30.0,2.0,45.0,0,28.0,9.2,16,,,,,31.0,1.4,207,9.2,162.0,7.2,0,0.0,971.0,43.0,0.0,0.0,768.0,34.0,53.0,47.0,644-5055
School,5067,644,2019-20,Southwest DeKalb High School,DeKalb County,"09,10,11,12",1.0,0.0,97.0,1.0,1.0,0.0,0,70.0,11.4,1,,,,,0.0,0.0,143,11.4,6.0,0.5,0,0.0,646.0,51.7,0.0,0.0,174.0,13.9,53.0,47.0,644-5067
School,0103,645,2019-20,Dodge County High School,Dodge County,"09,10,11,12",1.0,0.0,33.0,5.0,3.0,59.0,0,58.0,15.9,1,,,,,107.0,12.5,136,15.9,6.0,0.7,0,0.0,663.0,77.7,0.0,0.0,84.0,9.8,51.0,49.0,645-103
School,0182,646,2019-20,Dooly County High School,Dooly County,"09,10,11,12",1.0,0.0,76.0,15.0,1.0,7.0,2,100.0,4.6,5,,,,,45.0,13.8,15,4.6,14.0,4.3,0,0.0,293.0,89.6,0.0,0.0,23.0,7.0,47.0,53.0,646-182
School,1058,647,2019-20,Monroe High School,Dougherty County,"09,10,11,12",0.0,0.0,96.0,1.0,1.0,1.0,0,100.0,13.5,1,,,,,390.0,35.7,148,13.5,5.0,0.5,0,0.0,788.0,72.1,51.0,6.1,9.0,0.8,48.0,52.0,647-1058
School,2052,647,2019-20,Dougherty Comprehensive High School,Dougherty County,"09,10,11,12",0.0,1.0,90.0,4.0,2.0,3.0,0,100.0,11.1,2,,,,,472.0,43.5,120,11.1,15.0,1.4,0,0.0,801.0,73.9,58.0,7.1,7.0,0.6,47.0,53.0,647-2052
School,4062,647,2019-20,Westover High School,Dougherty County,"09,10,11,12",1.0,0.0,87.0,2.0,2.0,8.0,0,100.0,8.7,1,,,,,244.0,18.6,114,8.7,5.0,0.4,0,0.0,938.0,71.4,49.0,5.0,151.0,11.5,50.0,50.0,647-4062
School,0100,648,2019-20,Chapel Hill High School,Douglas County,"09,10,11,12",2.0,0.0,59.0,12.0,5.0,21.0,0,43.0,11.2,2,,,,,25.0,1.8,157,11.2,19.0,1.3,0,0.0,601.0,42.7,28.0,2.6,218.0,15.5,51.0,49.0,648-100
School,0175,648,2019-20,Lithia Springs Comprehensive High School,Douglas County,"09,10,11,12",2.0,0.0,52.0,31.0,3.0,12.0,0,73.0,15.5,8,,,,,0.0,0.0,240,15.5,61.0,3.9,0,0.0,822.0,53.0,44.0,3.9,124.0,8.0,55.0,45.0,648-175
School,0187,648,2019-20,Alexander High School,Douglas County,"09,10,11,12",1.0,0.0,28.0,11.0,4.0,55.0,0,38.0,11.5,2,,,,,17.0,0.9,216,11.5,12.0,0.6,0,0.0,1407.0,75.0,28.0,1.9,373.0,19.9,53.0,47.0,648-187
School,0212,648,2019-20,New Manchester High School,Douglas County,"09,10,11,12",1.0,0.0,78.0,11.0,4.0,7.0,0,61.0,14.6,3,,,,,0.0,0.0,242,14.6,18.0,1.1,0,0.0,642.0,38.8,56.0,4.4,69.0,4.2,50.0,50.0,648-212
School,4050,648,2019-20,Douglas County High School,Douglas County,"09,10,11,12",2.0,0.0,69.0,14.0,4.0,12.0,0,63.0,12.0,4,,,,,0.0,0.0,241,12.0,22.0,1.1,0,0.0,921.0,45.8,34.0,2.2,331.0,16.4,49.0,51.0,648-4050
School,2050,649,2019-20,Early County High School,Early County,"09,10,11,12",1.0,0.0,69.0,2.0,1.0,27.0,0,100.0,14.9,0,,,,,256.0,42.2,90,14.9,0.0,0.0,0,0.0,487.0,80.4,15.0,3.4,62.0,10.2,53.0,47.0,649-2050
School,1050,650,2019-20,Echols County High School,Echols County,"09,10,11,12",0.0,2.0,2.0,38.0,2.0,55.0,20,91.0,6.9,10,,,,,33.0,15.2,15,6.9,14.0,6.5,0,0.0,160.0,73.7,4.0,2.2,22.0,10.1,46.0,54.0,650-1050
School,0197,651,2019-20,South Effingham High School,Effingham County,"09,10,11,12",1.0,0.0,11.0,9.0,5.0,74.0,0,28.0,12.0,1,,,,,238.0,13.8,207,12.0,13.0,0.8,0,0.0,1211.0,70.2,22.0,1.6,219.0,12.7,51.0,49.0,651-197
School,0390,651,2019-20,Effingham County High School,Effingham County,"09,10,11,12",1.0,0.0,20.0,7.0,4.0,69.0,0,36.0,14.4,1,,,,,317.0,17.4,262,14.4,4.0,0.2,0,0.0,1300.0,71.4,43.0,3.1,194.0,10.7,53.0,47.0,651-390
School,0176,652,2019-20,Elbert County High School,Elbert County,"09,10,11,12",1.0,0.0,32.0,10.0,3.0,54.0,0,52.0,11.4,2,,,,,0.0,0.0,92,11.4,9.0,1.1,0,0.0,575.0,71.3,11.0,1.7,70.0,8.7,52.0,48.0,652-176
School,0189,653,2019-20,Swainsboro High School,Emanuel County,"09,10,11,12",1.0,0.0,47.0,8.0,2.0,41.0,0,87.0,16.0,1,,,,,35.0,4.8,116,16.0,4.0,0.6,0,0.0,416.0,57.2,16.0,2.8,49.0,6.7,52.0,48.0,653-189
School,0176,655,2019-20,Fannin County High School,Fannin County,"09,10,11,12",0.0,0.0,0.0,5.0,2.0,93.0,0,50.0,13.8,1,,,,,24.0,2.6,126,13.8,5.0,0.5,0,0.0,546.0,59.9,18.0,2.7,68.0,7.5,49.0,51.0,655-176
School,0105,656,2019-20,Whitewater High School,Fayette County,"09,10,11,12",4.0,0.0,20.0,8.0,5.0,63.0,0,15.0,8.4,1,,,,,142.0,9.9,120,8.4,3.0,0.2,0,0.0,939.0,65.5,14.0,1.3,285.0,19.9,51.0,49.0,656-105
School,0182,656,2019-20,McIntosh High School,Fayette County,"09,10,11,12",11.0,0.0,10.0,12.0,5.0,62.0,0,10.0,7.2,4,,,,,198.0,11.4,125,7.2,26.0,1.5,0,0.0,919.0,52.8,25.0,1.9,465.0,26.7,49.0,51.0,656-182
School,0192,656,2019-20,Sandy Creek High School,Fayette County,"09,10,11,12",3.0,0.0,60.0,16.0,4.0,17.0,0,36.0,12.5,4,,,,,98.0,8.6,142,12.5,29.0,2.6,0,0.0,818.0,72.1,16.0,1.7,125.0,11.0,56.0,44.0,656-192
School,0198,656,2019-20,Starrs Mill High School,Fayette County,"09,10,11,12",6.0,0.0,10.0,8.0,3.0,72.0,0,5.0,7.7,2,,,,,206.0,14.9,106,7.7,13.0,0.9,0,0.0,816.0,59.2,13.0,1.3,368.0,26.7,51.0,49.0,656-198
School,0398,656,2019-20,Fayette County High School,Fayette County,"09,10,11,12",7.0,0.0,60.0,13.0,6.0,14.0,0,40.0,12.3,3,,,,,200.0,14.8,167,12.3,21.0,1.6,0,0.0,845.0,62.4,25.0,2.4,137.0,10.1,48.0,52.0,656-398
School,0111,657,2019-20,Model High,Floyd County,"09,10,11,12",1.0,1.0,6.0,4.0,2.0,86.0,0,32.0,12.1,1,,,,,39.0,5.3,89,12.1,2.0,0.3,0,0.0,450.0,61.4,0.0,0.0,164.0,22.4,53.0,47.0,657-111
School,0401,657,2019-20,Armuchee High School,Floyd County,"09,10,11,12",1.0,0.0,3.0,4.0,3.0,89.0,0,37.0,12.6,1,,,,,67.0,13.0,65,12.6,3.0,0.6,0,0.0,348.0,67.6,0.0,0.0,98.0,19.0,50.0,50.0,657-401
School,5050,657,2019-20,Coosa High School,Floyd County,"09,10,11,12",1.0,0.0,13.0,20.0,6.0,60.0,0,57.0,13.9,3,,,,,95.0,14.5,91,13.9,15.0,2.3,0,0.0,442.0,67.6,0.0,0.0,87.0,13.3,50.0,50.0,657-5050
School,0107,658,2019-20,West Forsyth High School,Forsyth County,"09,10,11,12",5.0,0.0,4.0,11.0,3.0,77.0,0,8.0,9.6,1,,,,,26.0,1.0,245,9.6,14.0,0.5,0,0.0,1494.0,58.4,19.0,1.0,430.0,16.8,50.0,50.0,658-107
School,0190,658,2019-20,South Forsyth High School,Forsyth County,"09,10,11,12",31.0,0.0,2.0,7.0,3.0,57.0,0,5.0,7.0,2,,,,,51.0,2.2,161,7.0,20.0,0.9,0,0.0,1137.0,49.7,8.0,0.5,576.0,25.2,51.0,49.0,658-190
School,0195,658,2019-20,North Forsyth High School,Forsyth County,"09,10,11,12",1.0,0.0,4.0,14.0,2.0,78.0,0,20.0,12.8,3,,,,,56.0,2.2,333,12.8,42.0,1.6,0,0.0,1651.0,63.5,19.0,1.0,288.0,11.1,53.0,47.0,658-195
School,0214,658,2019-20,Lambert High School,Forsyth County,"09,10,11,12",37.0,0.0,4.0,5.0,3.0,51.0,0,4.0,6.0,2,,,,,0.0,0.0,176,6.0,27.0,0.9,0,0.0,1804.0,62.0,16.0,0.7,815.0,28.0,49.0,51.0,658-214
School,5050,658,2019-20,Forsyth Central High School,Forsyth County,"09,10,11,12",5.0,1.0,4.0,26.0,3.0,62.0,0,26.0,11.9,8,,,,,36.0,1.4,308,11.9,106.0,4.1,0,0.0,1378.0,53.3,28.0,1.5,420.0,16.2,52.0,48.0,658-5050
School,3050,659,2019-20,Franklin County High School,Franklin County,"09,10,11,12",2.0,0.0,10.0,7.0,3.0,78.0,1,44.0,11.7,3,,,,,378.0,34.6,128,11.7,14.0,1.3,0,0.0,720.0,65.9,25.0,3.0,97.0,8.9,49.0,51.0,659-3050
School,0106,660,2019-20,Milton High School,Fulton County,"09,10,11,12",13.0,0.0,10.0,13.0,3.0,61.0,0,12.0,8.3,5,,,,,77.0,3.3,196,8.3,61.0,2.6,0,0.0,873.0,37.2,2.0,0.1,922.0,39.3,49.0,51.0,660-106
School,0118,660,2019-20,Hapeville Charter Career Academy,Fulton County,"09,10,11,12",0.0,0.0,87.0,10.0,1.0,2.0,0,62.0,12.1,3,,,,,208.0,34.8,72,12.1,9.0,1.5,0,0.0,305.0,51.1,2.0,0.4,34.0,5.7,55.0,45.0,660-118
School,0119,660,2019-20,Cambridge High School,Fulton County,"09,10,11,12",12.0,0.0,9.0,8.0,3.0,68.0,0,5.0,8.4,1,,,,,84.0,4.0,175,8.4,0.0,0.0,0,0.0,1001.0,47.9,1.0,0.1,769.0,36.8,50.0,50.0,660-119
School,0176,660,2019-20,Banneker High School,Fulton County,"09,10,11,12",0.0,0.0,94.0,4.0,1.0,0.0,0,100.0,14.6,1,,,,,175.0,12.1,212,14.6,0.0,0.0,0,0.0,1162.0,80.2,23.0,2.0,44.0,3.0,48.0,52.0,660-176
School,0191,660,2019-20,Roswell High School,Fulton County,"09,10,11,12",4.0,0.0,14.0,24.0,3.0,56.0,0,23.0,10.6,8,,,,,162.0,7.3,236,10.6,98.0,4.4,0,0.0,614.0,27.5,6.0,0.4,642.0,28.8,52.0,48.0,660-191
School,0198,660,2019-20,Centennial High School,Fulton County,"09,10,11,12",4.0,0.0,23.0,28.0,4.0,41.0,0,34.0,14.0,9,,,,,329.0,17.1,270,14.0,100.0,5.2,0,0.0,830.0,43.1,8.0,0.5,458.0,23.8,51.0,49.0,660-198
School,0203,660,2019-20,Northview High School,Fulton County,"09,10,11,12",57.0,0.0,12.0,5.0,4.0,23.0,0,6.0,4.7,6,,,,,227.0,13.0,83,4.7,34.0,1.9,0,0.0,633.0,36.2,0.0,0.0,784.0,44.8,52.0,48.0,660-203
School,0205,660,2019-20,Alpharetta High School,Fulton County,"09,10,11,12",24.0,0.0,18.0,13.0,4.0,41.0,0,10.0,8.3,8,,,,,266.0,11.5,192,8.3,57.0,2.5,0,0.0,984.0,42.5,2.0,0.1,898.0,38.8,49.0,51.0,660-205
School,0291,660,2019-20,Creekside High School,Fulton County,"09,10,11,12",0.0,0.0,88.0,8.0,1.0,1.0,0,72.0,14.6,1,,,,,372.0,21.4,254,14.6,0.0,0.0,0,0.0,1195.0,68.6,14.0,1.1,95.0,5.5,52.0,48.0,660-291
School,0392,660,2019-20,Chattahoochee High School,Fulton County,"09,10,11,12",27.0,0.0,14.0,12.0,5.0,43.0,0,10.0,9.4,5,,,,,40.0,2.1,177,9.4,33.0,1.8,0,0.0,825.0,43.8,3.0,0.2,700.0,37.1,51.0,49.0,660-392
School,0691,660,2019-20,Tri-Cities High School,Fulton County,"09,10,11,12",1.0,0.0,65.0,30.0,2.0,2.0,0,100.0,14.0,11,,,,,486.0,31.5,217,14.0,118.0,7.6,0,0.0,967.0,62.6,13.0,1.1,56.0,3.6,46.0,54.0,660-691
School,0910,660,2019-20,Johns Creek High School,Fulton County,"09,10,11,12",27.0,0.0,10.0,9.0,3.0,52.0,0,8.0,8.0,5,,,,,59.0,2.8,168,8.0,34.0,1.6,0,0.0,715.0,33.9,1.0,0.1,910.0,43.1,51.0,49.0,660-910
School,1110,660,2019-20,Langston Hughes High School,Fulton County,"09,10,11,12",0.0,0.0,88.0,10.0,1.0,1.0,0,67.0,12.1,4,,,,,513.0,26.4,235,12.1,54.0,2.8,0,0.0,1154.0,59.4,31.0,2.1,77.0,4.0,52.0,48.0,660-1110
School,3066,660,2019-20,Riverwood International Charter School,Fulton County,"09,10,11,12",3.0,0.0,25.0,35.0,2.0,35.0,0,36.0,9.2,10,,,,,123.0,6.8,167,9.2,113.0,6.2,0,0.0,1001.0,55.0,13.0,0.9,427.0,23.5,51.0,49.0,660-3066
School,4062,660,2019-20,North Springs High School,Fulton County,"09,10,11,12",2.0,0.0,47.0,20.0,4.0,26.0,0,44.0,9.2,8,,,,,33.0,2.2,139,9.2,80.0,5.3,0,0.0,728.0,48.0,2.0,0.2,309.0,20.4,48.0,52.0,660-4062
School,5069,660,2019-20,Westlake High School,Fulton County,"09,10,11,12",0.0,0.0,95.0,3.0,2.0,0.0,0,47.0,8.3,0,,,,,427.0,19.9,178,8.3,0.0,0.0,0,0.0,1247.0,58.1,19.0,1.2,334.0,15.5,44.0,56.0,660-5069
School,0196,661,2019-20,Gilmer High School,Gilmer County,"09,10,11,12",0.0,0.0,0.0,28.0,1.0,70.0,1,57.0,10.2,12,,,,,133.0,11.2,122,10.2,86.0,7.2,0,0.0,591.0,49.6,17.0,1.9,148.0,12.4,48.0,52.0,661-196
School,3552,663,2019-20,Brunswick High School,Glynn County,"09,10,11,12",4.0,0.0,38.0,13.0,4.0,41.0,0,57.0,17.5,5,,,,,12.0,0.7,314,17.5,62.0,3.5,0,0.0,858.0,47.9,28.0,2.0,188.0,10.5,50.0,50.0,663-3552
School,4752,663,2019-20,Glynn Academy,Glynn County,"09,10,11,12",1.0,0.0,26.0,12.0,3.0,58.0,0,38.0,13.0,3,,,,,0.0,0.0,247,13.0,38.0,2.0,0,0.0,754.0,39.7,22.0,1.6,271.0,14.3,48.0,52.0,663-4752
School,0106,664,2019-20,Sonoraville High School,Gordon County,"09,10,11,12",1.0,0.0,2.0,10.0,2.0,84.0,0,48.0,10.2,2,,,,,150.0,13.9,110,10.2,10.0,0.9,0,0.0,632.0,58.5,7.0,0.9,123.0,11.4,49.0,51.0,664-106
School,0286,664,2019-20,Gordon Central High School,Gordon County,"09,10,11,12",1.0,0.0,2.0,26.0,2.0,69.0,0,63.0,12.9,6,,,,,180.0,20.8,112,12.9,25.0,2.9,0,0.0,479.0,55.4,9.0,1.4,87.0,10.1,52.0,48.0,664-286
School,1050,665,2019-20,Cairo High School,Grady County,"09,10,11,12",0.0,0.0,35.0,20.0,1.0,43.0,1,100.0,11.0,4,,,,,0.0,0.0,139,11.0,41.0,3.2,0,0.0,852.0,67.2,31.0,3.2,63.0,5.0,52.0,48.0,665-1050
School,0401,666,2019-20,Greene County High School,Greene County,"09,10,11,12",0.0,0.0,69.0,16.0,2.0,13.0,0,98.0,14.4,5,,,,,0.0,0.0,62,14.4,16.0,3.7,0,0.0,326.0,75.8,0.0,0.0,43.0,10.0,52.0,48.0,666-401
School,0101,667,2019-20,Grayson High School,Gwinnett County,"09,10,11,12",6.0,0.0,52.0,15.0,4.0,22.0,0,37.0,11.3,4,,,,,0.0,0.0,355,11.3,36.0,1.1,0,0.0,1209.0,38.5,0.0,0.0,659.0,21.0,50.0,50.0,667-101
School,0103,667,2019-20,Norcross High School,Gwinnett County,"09,10,11,12",6.0,0.0,29.0,49.0,2.0,14.0,0,60.0,12.4,15,,,,,0.0,0.0,364,12.4,221.0,7.5,0,0.0,1057.0,35.9,0.0,0.0,355.0,12.1,51.0,49.0,667-103
School,0105,667,2019-20,Mill Creek High School,Gwinnett County,"09,10,11,12",9.0,0.0,19.0,15.0,4.0,52.0,0,18.0,13.7,3,,,,,0.0,0.0,500,13.7,47.0,1.3,0,0.0,1566.0,42.9,0.0,0.0,942.0,25.8,49.0,51.0,667-105
School,0176,667,2019-20,Parkview High School,Gwinnett County,"09,10,11,12",21.0,0.0,26.0,21.0,4.0,27.0,0,41.0,10.2,10,,,,,0.0,0.0,319,10.2,162.0,5.2,0,0.0,1277.0,40.9,0.0,0.0,863.0,27.6,51.0,49.0,667-176
School,0182,667,2019-20,Brookwood High School,Gwinnett County,"09,10,11,12",17.0,0.0,30.0,16.0,4.0,32.0,0,29.0,10.0,4,,,,,0.0,0.0,356,10.0,63.0,1.8,0,0.0,1094.0,30.7,0.0,0.0,1076.0,30.2,51.0,49.0,667-182
School,0185,667,2019-20,Shiloh High School,Gwinnett County,"09,10,11,12",4.0,0.0,71.0,19.0,3.0,4.0,0,67.0,15.5,6,,,,,0.0,0.0,341,15.5,71.0,3.2,0,0.0,1593.0,72.4,0.0,0.0,214.0,9.7,51.0,49.0,667-185
School,0187,667,2019-20,Meadowcreek High School,Gwinnett County,"09,10,11,12",8.0,0.0,18.0,71.0,1.0,2.0,0,75.0,13.9,27,,,,,0.0,0.0,369,13.9,432.0,16.3,0,0.0,1607.0,60.6,0.0,0.0,191.0,7.2,54.0,46.0,667-187
School,0195,667,2019-20,Collins Hill High School,Gwinnett County,"09,10,11,12",13.0,0.0,30.0,31.0,5.0,21.0,0,39.0,13.6,10,,,,,0.0,0.0,396,13.6,176.0,6.0,0,0.0,955.0,32.7,0.0,0.0,477.0,16.3,52.0,48.0,667-195
School,0805,667,2019-20,Peachtree Ridge High School,Gwinnett County,"09,10,11,12",27.0,0.0,29.0,21.0,4.0,19.0,0,34.0,10.9,7,,,,,0.0,0.0,360,10.9,115.0,3.5,0,0.0,1328.0,40.0,0.0,0.0,895.0,27.0,49.0,51.0,667-805
School,1018,667,2019-20,Lanier High School,Gwinnett County,"09,10,11,12",7.0,0.0,19.0,27.0,4.0,42.0,0,37.0,11.8,6,,,,,0.0,0.0,230,11.8,73.0,3.7,0,0.0,1184.0,60.8,0.0,0.0,358.0,18.4,52.0,48.0,667-1018
School,1019,667,2019-20,"Gwinnett School of Mathematics, Science and Technology",Gwinnett County,"09,10,11,12",47.0,0.0,23.0,9.0,5.0,16.0,0,29.0,0.7,2,,,,,0.0,0.0,8,0.7,0.0,0.0,0,0.0,426.0,36.9,0.0,0.0,963.0,83.4,54.0,46.0,667-1019
School,1050,667,2019-20,Berkmar High School,Gwinnett County,"09,10,11,12",9.0,0.0,24.0,63.0,2.0,2.0,0,80.0,13.9,18,,,,,0.0,0.0,410,13.9,306.0,10.4,0,0.0,1835.0,62.4,0.0,0.0,244.0,8.3,51.0,49.0,667-1050
School,1410,667,2019-20,Mountain View High School,Gwinnett County,"09,10,11,12",11.0,0.0,28.0,23.0,4.0,33.0,0,33.0,12.9,6,,,,,0.0,0.0,349,12.9,77.0,2.9,0,0.0,994.0,36.8,0.0,0.0,600.0,22.2,52.0,48.0,667-1410
School,1710,667,2019-20,Archer High School,Gwinnett County,"09,10,11,12",3.0,0.0,48.0,16.0,4.0,30.0,0,38.0,11.3,3,,,,,0.0,0.0,322,11.3,51.0,1.8,0,0.0,940.0,33.0,0.0,0.0,490.0,17.2,50.0,50.0,667-1710
School,1814,667,2019-20,Discovery High School,Gwinnett County,"09,10,11,12",11.0,0.0,34.0,47.0,2.0,6.0,0,69.0,14.4,14,,,,,0.0,0.0,399,14.4,219.0,7.9,0,0.0,1791.0,64.7,0.0,0.0,293.0,10.6,50.0,50.0,667-1814
School,2558,667,2019-20,South Gwinnett High School,Gwinnett County,"09,10,11,12",2.0,0.0,73.0,15.0,4.0,6.0,0,61.0,16.3,5,,,,,0.0,0.0,410,16.3,82.0,3.3,0,0.0,1915.0,76.3,0.0,0.0,207.0,8.3,50.0,50.0,667-2558
School,3750,667,2019-20,Central Gwinnett High School,Gwinnett County,"09,10,11,12",6.0,0.0,44.0,38.0,2.0,9.0,0,74.0,15.5,10,,,,,0.0,0.0,323,15.5,115.0,5.5,0,0.0,1121.0,53.9,0.0,0.0,186.0,8.9,51.0,49.0,667-3750
School,4052,667,2019-20,Dacula High School,Gwinnett County,"09,10,11,12",4.0,0.0,42.0,24.0,4.0,26.0,0,42.0,14.6,6,,,,,0.0,0.0,321,14.6,49.0,2.2,0,0.0,996.0,45.4,0.0,0.0,383.0,17.4,51.0,49.0,667-4052
School,4556,667,2019-20,North Gwinnett High School,Gwinnett County,"09,10,11,12",26.0,0.0,12.0,9.0,5.0,48.0,0,10.0,7.7,4,,,,,0.0,0.0,249,7.7,66.0,2.0,0,0.0,1031.0,31.8,0.0,0.0,1139.0,35.2,49.0,51.0,667-4556
School,5550,667,2019-20,Duluth High School,Gwinnett County,"09,10,11,12",14.0,0.0,29.0,39.0,3.0,14.0,0,51.0,13.4,14,,,,,0.0,0.0,350,13.4,195.0,7.5,0,0.0,858.0,32.8,0.0,0.0,390.0,14.9,50.0,50.0,667-5550
School,2052,668,2019-20,Habersham Central High School,Habersham County,"09,10,11,12",3.0,0.0,3.0,32.0,2.0,60.0,1,49.0,15.5,10,,,,,62.0,4.3,222,15.5,84.0,5.9,0,0.0,639.0,44.7,1.0,0.1,166.0,11.6,53.0,47.0,668-2052
School,0102,669,2019-20,Chestatee High School,Hall County,"09,10,11,12",1.0,0.0,2.0,49.0,1.0,46.0,1,46.0,12.1,13,,,,,245.0,18.8,157,12.1,103.0,7.9,0,0.0,871.0,67.0,0.0,0.0,165.0,12.7,51.0,49.0,669-102
School,0189,669,2019-20,West Hall High School,Hall County,"09,10,11,12",2.0,0.0,7.0,50.0,2.0,38.0,0,55.0,11.5,16,,,,,101.0,9.0,129,11.5,96.0,8.6,0,0.0,701.0,62.5,0.0,0.0,101.0,9.0,51.0,49.0,669-189
School,0202,669,2019-20,Flowery Branch High,Hall County,"09,10,11,12",3.0,0.0,6.0,25.0,3.0,64.0,0,28.0,10.1,4,,,,,50.0,3.9,130,10.1,29.0,2.3,0,0.0,944.0,73.5,0.0,0.0,193.0,15.0,52.0,48.0,669-202
School,1552,669,2019-20,East Hall High School,Hall County,"09,10,11,12",0.0,0.0,8.0,58.0,2.0,31.0,0,67.0,14.7,16,,,,,96.0,7.7,184,14.7,139.0,11.1,0,0.0,853.0,68.2,0.0,0.0,53.0,4.2,50.0,50.0,669-1552
School,1556,669,2019-20,North Hall High School,Hall County,"09,10,11,12",0.0,0.0,1.0,15.0,2.0,82.0,1,28.0,12.3,4,,,,,42.0,3.7,138,12.3,26.0,2.3,0,0.0,730.0,65.0,0.0,0.0,131.0,11.7,53.0,47.0,669-1556
School,4752,669,2019-20,Johnson High School,Hall County,"09,10,11,12",2.0,0.0,4.0,75.0,1.0,18.0,1,69.0,11.9,25,,,,,208.0,15.0,165,11.9,243.0,17.6,0,0.0,868.0,62.7,0.0,0.0,106.0,7.7,51.0,49.0,669-4752
School,0288,670,2019-20,Hancock Central High School,Hancock County,"09,10,11,12",1.0,0.0,97.0,0.0,1.0,1.0,0,100.0,17.0,1,,,,,0.0,0.0,40,17.0,0.0,0.0,0,0.0,140.0,59.6,3.0,1.7,,,56.0,44.0,670-288
School,3050,671,2019-20,Haralson County High School,Haralson County,"09,10,11,12",0.0,0.0,2.0,2.0,4.0,91.0,0,71.0,17.5,0,,,,,233.0,25.8,158,17.5,2.0,0.2,0,0.0,591.0,65.5,0.0,0.0,106.0,11.8,51.0,49.0,671-3050
School,0299,672,2019-20,Harris County High School,Harris County,"09,10,11,12",1.0,0.0,16.0,5.0,5.0,73.0,0,33.0,9.7,1,,,,,266.0,15.5,167,9.7,4.0,0.2,0,0.0,1080.0,62.9,76.0,5.8,172.0,10.0,52.0,48.0,672-299
School,3050,673,2019-20,Hart County High School,Hart County,"09,10,11,12",2.0,0.0,24.0,9.0,4.0,62.0,0,50.0,12.7,2,,,,,14.0,1.4,128,12.7,12.0,1.2,0,0.0,654.0,65.1,9.0,1.2,103.0,10.3,53.0,47.0,673-3050
School,0110,674,2019-20,Heard County High School,Heard County,"09,10,11,12",1.0,0.0,10.0,2.0,5.0,82.0,0,51.0,9.2,0,,,,,55.0,9.4,54,9.2,2.0,0.3,0,0.0,327.0,55.8,9.0,2.1,68.0,11.6,53.0,47.0,674-110
School,0101,675,2019-20,Union Grove High,Henry County,"09,10,11,12",6.0,0.0,38.0,6.0,4.0,46.0,0,22.0,13.4,1,,,,,110.0,7.2,204,13.4,1.0,0.1,0,0.0,951.0,62.5,44.0,3.9,291.0,19.1,54.0,46.0,675-101
School,0104,675,2019-20,Luella High School,Henry County,"09,10,11,12",3.0,0.0,70.0,11.0,4.0,12.0,0,42.0,12.9,2,,,,,164.0,13.6,156,12.9,7.0,0.6,0,0.0,925.0,76.6,20.0,2.2,123.0,10.2,48.0,52.0,675-104
School,0105,675,2019-20,Dutchtown High,Henry County,"09,10,11,12",9.0,0.0,76.0,8.0,4.0,4.0,0,40.0,10.1,3,,,,,283.0,16.3,176,10.1,27.0,1.6,0,0.0,965.0,55.5,34.0,2.6,163.0,9.4,51.0,49.0,675-105
School,0214,675,2019-20,Locust Grove High,Henry County,"09,10,11,12",1.0,0.0,27.0,9.0,4.0,59.0,0,38.0,13.8,1,,,,,288.0,19.1,208,13.8,3.0,0.2,0,0.0,878.0,58.1,31.0,2.6,218.0,14.4,51.0,49.0,675-214
School,0295,675,2019-20,Stockbridge High School,Henry County,"09,10,11,12",2.0,0.0,72.0,13.0,3.0,10.0,0,56.0,13.8,3,,,,,92.0,6.3,200,13.8,18.0,1.2,0,0.0,943.0,64.9,10.0,0.9,113.0,7.8,52.0,48.0,675-295
School,0307,675,2019-20,Ola High School,Henry County,"09,10,11,12",1.0,1.0,25.0,6.0,4.0,64.0,0,24.0,13.4,1,,,,,146.0,8.5,229,13.4,1.0,0.1,0,0.0,1172.0,68.5,34.0,2.6,258.0,15.1,51.0,49.0,675-307
School,0315,675,2019-20,Hampton High School,Henry County,"09,10,11,12",1.0,0.0,60.0,11.0,3.0,24.0,0,54.0,14.4,2,,,,,158.0,13.0,176,14.4,12.0,1.0,0,0.0,846.0,69.3,19.0,2.0,100.0,8.2,51.0,49.0,675-315
School,0391,675,2019-20,Eagle's Landing High School,Henry County,"09,10,11,12",4.0,0.0,73.0,11.0,4.0,7.0,0,47.0,14.0,2,,,,,227.0,15.1,211,14.0,8.0,0.5,0,0.0,1113.0,73.9,23.0,2.0,112.0,7.4,51.0,49.0,675-391
School,0408,675,2019-20,Woodland High School,Henry County,"09,10,11,12",2.0,0.0,62.0,11.0,5.0,20.0,0,43.0,14.2,2,,,,,264.0,18.2,205,14.2,14.0,1.0,0,0.0,942.0,65.1,23.0,2.2,205.0,14.2,50.0,50.0,675-408
School,3050,675,2019-20,McDonough High School,Henry County,"09,10,11,12",1.0,0.0,81.0,8.0,3.0,7.0,0,63.0,17.1,2,,,,,46.0,4.1,191,17.1,8.0,0.7,0,0.0,777.0,69.5,14.0,1.6,66.0,5.9,47.0,53.0,675-3050
School,0111,676,2019-20,Veterans High School,Houston County,"09,10,11,12",2.0,0.0,27.0,7.0,5.0,59.0,0,27.0,11.3,1,,,,,283.0,16.4,195,11.3,0.0,0.0,0,0.0,1144.0,66.4,0.0,0.0,392.0,22.8,50.0,50.0,676-111
School,0192,676,2019-20,Houston County High School,Houston County,"09,10,11,12",7.0,0.0,28.0,10.0,5.0,50.0,0,27.0,12.6,4,,,,,270.0,13.9,246,12.6,42.0,2.2,0,0.0,1215.0,62.4,0.0,0.0,493.0,25.3,53.0,47.0,676-192
School,1054,676,2019-20,Perry High School,Houston County,"09,10,11,12",1.0,0.0,34.0,5.0,4.0,56.0,0,44.0,12.4,1,,,,,327.0,24.0,169,12.4,0.0,0.0,0,0.0,936.0,68.8,0.0,0.0,228.0,16.8,51.0,49.0,676-1054
School,2052,676,2019-20,Northside High School,Houston County,"09,10,11,12",2.0,0.0,49.0,13.0,5.0,30.0,0,64.0,15.7,4,,,,,552.0,29.8,291,15.7,51.0,2.8,0,0.0,1271.0,68.7,1.0,0.1,229.0,12.4,49.0,51.0,676-2052
School,4056,676,2019-20,Warner Robins High School,Houston County,"09,10,11,12",1.0,0.0,54.0,11.0,6.0,27.0,0,64.0,14.8,4,,,,,645.0,39.8,240,14.8,44.0,2.7,0,0.0,1077.0,66.5,0.0,0.0,189.0,11.7,50.0,50.0,676-4056
School,2050,677,2019-20,Irwin County High School,Irwin County,"09,10,11,12",0.0,0.0,34.0,5.0,2.0,59.0,0,76.0,15.5,1,,,,,47.0,9.4,77,15.5,0.0,0.0,0,0.0,329.0,66.1,16.0,4.4,49.0,9.8,53.0,47.0,677-2050
School,0107,678,2019-20,East Jackson Comprehensive High School,Jackson County,"08,09,10,11,12",2.0,0.0,8.0,19.0,4.0,67.0,0,60.0,14.9,5,7.0,2.3,,,85.0,8.5,195,14.9,36.0,2.8,0,0.0,698.0,69.8,0.0,0.0,219.0,16.7,50.0,50.0,678-107
School,0191,678,2019-20,Jackson County Comprehensive High School,Jackson County,"09,10,11,12",4.0,0.0,6.0,13.0,3.0,75.0,0,28.0,11.4,2,,,,,60.0,4.6,149,11.4,15.0,1.1,0,0.0,938.0,71.7,0.0,0.0,271.0,20.7,50.0,50.0,678-191
School,0108,679,2019-20,Jasper County High School,Jasper County,"09,10,11,12",0.0,0.0,21.0,8.0,3.0,67.0,0,56.0,10.4,1,,,,,61.0,9.0,71,10.4,6.0,0.9,0,0.0,527.0,77.4,52.0,9.9,61.0,9.0,51.0,49.0,679-108
School,0199,680,2019-20,Jeff Davis High School,Jeff Davis County,"09,10,11,12",1.0,0.0,15.0,21.0,2.0,61.0,2,54.0,11.9,6,,,,,231.0,28.2,97,11.9,27.0,3.3,0,0.0,402.0,49.1,14.0,2.3,31.0,3.8,49.0,51.0,680-199
School,0201,682,2019-20,Jenkins County High School,Jenkins County,"09,10,11,12",0.0,0.0,55.0,4.0,3.0,39.0,0,100.0,9.2,0,,,,,35.0,12.3,26,9.2,0.0,0.0,0,0.0,231.0,81.3,4.0,1.9,35.0,12.3,48.0,52.0,682-201
School,0201,683,2019-20,Johnson County High School,Johnson County,"09,10,11,12",1.0,0.0,37.0,3.0,2.0,58.0,0,94.0,12.8,0,,,,,111.0,32.9,43,12.8,0.0,0.0,0,0.0,305.0,90.5,9.0,3.7,44.0,13.1,52.0,48.0,683-201
School,0192,684,2019-20,Jones County High School,Jones County,"09,10,11,12",0.0,0.0,26.0,1.0,3.0,70.0,0,41.0,13.7,0,,,,,107.0,6.8,216,13.7,0.0,0.0,0,0.0,1198.0,75.8,0.0,0.0,131.0,8.3,50.0,50.0,684-192
School,0175,685,2019-20,Lamar County High School,Lamar County,"09,10,11,12",1.0,0.0,29.0,4.0,4.0,62.0,0,55.0,12.8,1,,,,,15.0,2.0,98,12.8,4.0,0.5,0,0.0,491.0,64.2,9.0,1.5,84.0,11.0,52.0,48.0,685-175
School,0110,687,2019-20,West Laurens High School,Laurens County,"09,10,11,12",2.0,0.0,25.0,4.0,2.0,67.0,0,85.0,10.3,1,,,,,57.0,4.5,131,10.3,7.0,0.6,0,0.0,754.0,59.3,27.0,2.8,157.0,12.3,50.0,50.0,687-110
School,0197,687,2019-20,East Laurens High School,Laurens County,"09,10,11,12",0.0,0.0,41.0,5.0,2.0,52.0,0,85.0,12.2,1,,,,,0.0,0.0,78,12.2,6.0,0.9,0,0.0,379.0,59.5,18.0,3.7,72.0,11.3,49.0,51.0,687-197
School,0193,688,2019-20,Lee County High School,Lee County,"09,10,11,12",4.0,0.0,26.0,3.0,3.0,64.0,0,36.0,7.0,2,,,,,84.0,6.0,98,7.0,10.0,0.7,0,0.0,1023.0,73.1,30.0,3.3,194.0,13.9,53.0,47.0,688-193
School,0105,689,2019-20,Bradwell Institute,Liberty County,"09,10,11,12",2.0,0.0,57.0,15.0,9.0,17.0,0,67.0,12.9,2,,,,,65.0,4.0,211,12.9,17.0,1.0,0,0.0,1177.0,72.1,50.0,4.1,125.0,7.7,50.0,50.0,689-105
School,0192,689,2019-20,Liberty County High School,Liberty County,"09,10,11,12",2.0,1.0,50.0,10.0,8.0,30.0,0,58.0,13.1,1,,,,,71.0,6.5,143,13.1,4.0,0.4,0,0.0,785.0,72.0,30.0,3.7,79.0,7.2,51.0,49.0,689-192
School,0110,690,2019-20,Lincoln County High School,Lincoln County,"09,10,11,12",0.0,0.0,37.0,2.0,3.0,57.0,0,61.0,15.2,0,,,,,105.0,33.2,48,15.2,0.0,0.0,0,0.0,160.0,50.6,3.0,1.4,20.0,6.3,49.0,51.0,690-110
School,0205,691,2019-20,Long County High School,Long County,"09,10,11,12",1.0,0.0,30.0,16.0,8.0,43.0,3,71.0,13.0,5,,,,,19.0,1.9,132,13.0,28.0,2.8,0,0.0,657.0,64.6,23.0,2.9,40.0,3.9,49.0,51.0,691-205
School,5050,692,2019-20,Lowndes High School,Lowndes County,"09,10,11,12",2.0,0.0,24.0,9.0,4.0,61.0,0,41.0,12.2,2,,,,,0.0,0.0,358,12.2,17.0,0.6,0,0.0,1658.0,56.5,58.0,2.6,318.0,10.8,51.0,49.0,692-5050
School,0101,693,2019-20,Lumpkin County High School,Lumpkin County,"09,10,11,12",0.0,0.0,1.0,8.0,3.0,87.0,0,39.0,13.8,1,,,,,95.0,8.5,154,13.8,6.0,0.5,0,0.0,670.0,60.1,38.0,4.6,138.0,12.4,51.0,49.0,693-101
School,5050,695,2019-20,Madison County High School,Madison County,"09,10,11,12",2.0,0.0,9.0,12.0,4.0,72.0,0,49.0,17.2,3,,,,,224.0,16.0,241,17.2,24.0,1.7,0,0.0,1048.0,74.8,37.0,3.4,208.0,14.8,53.0,47.0,695-5050
School,0275,696,2019-20,Marion County Middle/High School,Marion County,"06,07,08,09,10,11,12",1.0,0.0,32.0,12.0,1.0,53.0,1,92.0,12.3,2,184.0,58.2,,,50.0,13.6,84,12.3,14.0,2.0,0,0.0,214.0,58.0,13.0,2.3,42.0,6.1,49.0,51.0,696-275
School,0192,697,2019-20,Thomson High School,McDuffie County,"09,10,11,12",0.0,0.0,53.0,5.0,5.0,37.0,0,65.0,14.0,1,,,,,129.0,12.8,141,14.0,6.0,0.6,0,0.0,651.0,64.6,47.0,6.3,79.0,7.8,49.0,51.0,697-192
School,4050,699,2019-20,Manchester High School,Meriwether County,"09,10,11,12",2.0,0.0,57.0,2.0,3.0,37.0,0,92.0,24.9,0,,,,,121.0,31.3,96,24.9,0.0,0.0,0,0.0,146.0,37.8,8.0,2.8,3.0,0.8,52.0,48.0,699-4050
School,0184,702,2019-20,Mary Persons High School,Monroe County,"09,10,11,12",1.0,0.0,24.0,2.0,2.0,71.0,0,49.0,11.9,1,,,,,39.0,3.3,141,11.9,2.0,0.2,0,0.0,699.0,59.2,26.0,2.9,122.0,10.3,49.0,51.0,702-184
School,1050,704,2019-20,Morgan County High School,Morgan County,"09,10,11,12",1.0,0.0,24.0,8.0,2.0,64.0,0,33.0,10.7,1,,,,,54.0,5.6,104,10.7,9.0,0.9,0,0.0,554.0,57.1,3.0,0.4,107.0,11.0,54.0,46.0,704-1050
School,0112,705,2019-20,North Murray High School,Murray County,"09,10,11,12",0.0,0.0,0.0,26.0,1.0,73.0,0,60.0,10.5,5,,,,,175.0,17.4,106,10.5,29.0,2.9,0,0.0,827.0,82.1,0.0,0.0,100.0,9.9,47.0,53.0,705-112
School,0190,705,2019-20,Murray County High School,Murray County,"09,10,11,12",1.0,1.0,0.0,27.0,1.0,70.0,0,72.0,11.2,9,,,,,115.0,10.8,119,11.2,59.0,5.6,0,0.0,806.0,75.9,0.0,0.0,113.0,10.6,52.0,48.0,705-190
School,0203,706,2019-20,Northside High School,Muscogee County,"09,10,11,12",4.0,0.0,27.0,10.0,6.0,53.0,0,29.0,10.9,1,,,,,0.0,0.0,168,10.9,0.0,0.0,0,0.0,1054.0,68.7,1.0,0.1,113.0,7.4,50.0,50.0,706-203
School,0278,706,2019-20,Shaw High School,Muscogee County,"09,10,11,12",4.0,0.0,53.0,14.0,6.0,23.0,0,92.0,19.4,8,,,,,0.0,0.0,218,19.4,76.0,6.8,0,0.0,835.0,74.2,3.0,0.4,24.0,2.1,49.0,51.0,706-278
School,0378,706,2019-20,Spencer High School,Muscogee County,"09,10,11,12",1.0,0.0,76.0,15.0,4.0,5.0,0,92.0,19.2,8,,,,,0.0,0.0,182,19.2,60.0,6.3,0,0.0,667.0,70.2,14.0,2.0,22.0,2.3,54.0,46.0,706-378
School,1064,706,2019-20,Kendrick High School,Muscogee County,"09,10,11,12",0.0,0.0,90.0,3.0,4.0,3.0,0,92.0,21.9,0,,,,,0.0,0.0,182,21.9,1.0,0.1,0,0.0,685.0,82.4,13.0,2.0,8.0,1.0,49.0,51.0,706-1064
School,2062,706,2019-20,Hardaway High School,Muscogee County,"09,10,11,12",2.0,0.0,63.0,7.0,7.0,22.0,0,92.0,16.7,0,,,,,0.0,0.0,191,16.7,0.0,0.0,0,0.0,815.0,71.2,15.0,1.7,33.0,2.9,51.0,49.0,706-2062
School,3054,706,2019-20,Columbus High School,Muscogee County,"09,10,11,12",13.0,0.0,22.0,7.0,4.0,53.0,0,19.0,1.6,0,,,,,0.0,0.0,20,1.6,0.0,0.0,0,0.0,88.0,7.1,0.0,0.0,421.0,33.8,43.0,57.0,706-3054
School,5052,706,2019-20,Carver High School,Muscogee County,"09,10,11,12",0.0,0.0,92.0,4.0,2.0,2.0,0,92.0,16.8,0,,,,,0.0,0.0,146,16.8,0.0,0.0,0,0.0,726.0,83.4,16.0,2.5,15.0,1.7,47.0,53.0,706-5052
School,5062,706,2019-20,Jordan Vocational High School,Muscogee County,"09,10,11,12",1.0,0.0,56.0,12.0,5.0,27.0,0,92.0,19.4,1,,,,,0.0,0.0,187,19.4,0.0,0.0,0,0.0,610.0,63.4,4.0,0.5,10.0,1.0,53.0,47.0,706-5062
School,0173,707,2019-20,Newton High School,Newton County,"09,10,11,12",1.0,0.0,76.0,10.0,4.0,8.0,0,67.0,13.6,3,,,,,0.0,0.0,335,13.6,37.0,1.5,0,0.0,1556.0,63.4,62.0,3.4,223.0,9.1,51.0,49.0,707-173
School,0206,707,2019-20,Alcovy High School,Newton County,"09,10,11,12",0.0,0.0,58.0,7.0,4.0,30.0,0,63.0,14.1,1,,,,,0.0,0.0,265,14.1,13.0,0.7,0,0.0,1230.0,65.5,38.0,2.8,187.0,10.0,52.0,48.0,707-206
School,0295,707,2019-20,Eastside High School,Newton County,"09,10,11,12",1.0,0.0,35.0,6.0,3.0,55.0,0,49.0,14.8,2,,,,,0.0,0.0,236,14.8,16.0,1.0,0,0.0,979.0,61.2,30.0,2.5,316.0,19.8,51.0,49.0,707-295
School,0105,708,2019-20,North Oconee High School,Oconee County,"09,10,11,12",8.0,0.0,4.0,9.0,3.0,76.0,0,11.0,8.7,3,,,,,172.0,12.3,122,8.7,20.0,1.4,0,0.0,597.0,42.7,10.0,0.9,352.0,25.2,48.0,52.0,708-105
School,0293,708,2019-20,Oconee County High School,Oconee County,"09,10,11,12",4.0,0.0,5.0,7.0,3.0,82.0,0,14.0,11.6,1,,,,,169.0,14.5,135,11.6,6.0,0.5,0,0.0,527.0,45.4,8.0,0.9,249.0,21.4,52.0,48.0,708-293
School,2050,709,2019-20,Oglethorpe County High School,Oglethorpe County,"09,10,11,12",2.0,0.0,18.0,9.0,3.0,68.0,0,52.0,10.9,2,,,,,21.0,3.3,70,10.9,12.0,1.9,0,0.0,522.0,81.3,9.0,1.9,102.0,15.9,50.0,50.0,709-2050
School,0101,710,2019-20,Hiram High School,Paulding County,"09,10,11,12",1.0,1.0,50.0,14.0,5.0,30.0,0,52.0,16.6,4,,,,,83.0,5.6,245,16.6,23.0,1.6,0,0.0,813.0,55.2,9.0,0.8,114.0,7.7,53.0,47.0,710-101
School,0106,710,2019-20,South Paulding High School,Paulding County,"09,10,11,12",0.0,0.0,20.0,7.0,3.0,69.0,0,32.0,12.9,1,,,,,22.0,1.2,237,12.9,6.0,0.3,0,0.0,990.0,53.7,6.0,0.4,177.0,9.6,50.0,50.0,710-106
School,0109,710,2019-20,North Paulding High School,Paulding County,"09,10,11,12",2.0,0.0,20.0,10.0,4.0,65.0,0,19.0,11.4,1,,,,,17.0,0.7,293,11.4,13.0,0.5,0,0.0,1631.0,63.5,10.0,0.5,348.0,13.5,50.0,50.0,710-109
School,0292,710,2019-20,East Paulding High School,Paulding County,"09,10,11,12",1.0,0.0,24.0,10.0,5.0,60.0,0,36.0,16.7,2,,,,,60.0,3.4,297,16.7,19.0,1.1,0,0.0,1034.0,58.0,18.0,1.3,167.0,9.4,52.0,48.0,710-292
School,2552,710,2019-20,Paulding County High School,Paulding County,"09,10,11,12",1.0,0.0,30.0,11.0,5.0,53.0,0,48.0,15.3,2,,,,,94.0,5.0,290,15.3,15.0,0.8,0,0.0,1086.0,57.2,17.0,1.2,214.0,11.3,51.0,49.0,710-2552
School,2052,711,2019-20,Peach County High School,Peach County,"09,10,11,12",1.0,0.0,52.0,16.0,3.0,28.0,1,75.0,12.9,4,,,,,0.0,0.0,124,12.9,22.0,2.3,0,0.0,521.0,54.4,17.0,2.4,46.0,4.8,50.0,50.0,711-2052
School,0198,712,2019-20,Pickens County High School,Pickens County,"09,10,11,12",1.0,0.0,1.0,7.0,2.0,89.0,0,44.0,13.2,1,,,,,248.0,18.4,177,13.2,11.0,0.8,0,0.0,709.0,52.7,0.0,0.0,224.0,16.7,52.0,48.0,712-198
School,0182,713,2019-20,Pierce County High School,Pierce County,"09,10,11,12",1.0,0.0,10.0,8.0,1.0,80.0,0,50.0,9.9,2,,,,,155.0,15.0,102,9.9,13.0,1.3,0,0.0,559.0,54.1,31.0,4.0,109.0,10.6,52.0,48.0,713-182
School,0194,714,2019-20,Pike County High School,Pike County,"09,10,11,12",1.0,0.0,7.0,2.0,2.0,89.0,0,28.0,8.9,0,,,,,59.0,5.6,94,8.9,3.0,0.3,0,0.0,628.0,59.2,0.0,0.0,134.0,12.6,54.0,46.0,714-194
School,0102,715,2019-20,Rockmart High School,Polk County,"09,10,11,12",1.0,0.0,17.0,4.0,4.0,75.0,0,85.0,13.3,1,,,,,133.0,13.8,128,13.3,6.0,0.6,0,0.0,810.0,84.3,23.0,3.2,82.0,8.5,51.0,49.0,715-102
School,5050,715,2019-20,Cedartown High School,Polk County,"09,10,11,12",1.0,0.0,13.0,35.0,4.0,47.0,0,85.0,13.3,7,,,,,48.0,3.7,173,13.3,62.0,4.8,0,0.0,1133.0,87.0,59.0,6.0,108.0,8.3,51.0,49.0,715-5050
School,0114,717,2019-20,Putnam County High School,Putnam County,"09,10,11,12",1.0,0.0,35.0,12.0,4.0,48.0,0,98.0,17.7,4,,,,,0.0,0.0,138,17.7,14.0,1.8,0,0.0,272.0,34.8,32.0,5.3,90.0,11.5,49.0,51.0,717-114
School,0177,719,2019-20,Rabun County High School,Rabun County,"09,10,11,12",1.0,0.0,0.0,16.0,2.0,80.0,0,48.0,15.8,3,,,,,86.0,13.0,104,15.8,14.0,2.1,0,0.0,461.0,69.8,172.0,35.6,62.0,9.4,50.0,50.0,719-177
School,0100,721,2019-20,Cross Creek High School,Richmond County,"09,10,11,12",0.0,0.0,64.0,5.0,4.0,26.0,0,98.0,14.4,1,,,,,110.0,10.4,152,14.4,9.0,0.9,0,0.0,505.0,47.8,0.0,0.0,53.0,5.0,54.0,46.0,721-100
School,1052,721,2019-20,Butler High School,Richmond County,"09,10,11,12",0.0,0.0,90.0,2.0,2.0,4.0,0,98.0,12.5,0,,,,,188.0,24.7,95,12.5,1.0,0.1,0,0.0,271.0,35.6,0.0,0.0,,,51.0,49.0,721-1052
School,2056,721,2019-20,Hephzibah High School,Richmond County,"09,10,11,12",2.0,0.0,67.0,4.0,3.0,23.0,0,98.0,13.0,1,,,,,258.0,26.6,126,13.0,10.0,1.0,0,0.0,589.0,60.8,0.0,0.0,29.0,3.0,56.0,44.0,721-2056
School,2574,721,2019-20,Westside High School,Richmond County,"PK,09,10,11,12",2.0,0.0,66.0,5.0,4.0,23.0,0,98.0,12.4,3,,,,,129.0,14.9,107,12.4,13.0,1.5,0,0.0,459.0,53.1,0.0,0.0,19.0,2.2,54.0,46.0,721-2574
School,3054,721,2019-20,Glenn Hills High School,Richmond County,"09,10,11,12",1.0,1.0,88.0,7.0,1.0,3.0,0,98.0,15.9,3,,,,,218.0,32.7,106,15.9,16.0,2.4,0,0.0,351.0,52.6,0.0,0.0,,,49.0,51.0,721-3054
School,3556,721,2019-20,Johnson Magnet,Richmond County,"06,07,08,09,10,11,12",2.0,0.0,63.0,9.0,7.0,20.0,0,98.0,1.8,1,0.0,0.0,,,0.0,0.0,12,1.8,0.0,0.0,0,0.0,265.0,79.1,0.0,0.0,246.0,37.8,48.0,52.0,721-3556
School,3756,721,2019-20,Josey High School,Richmond County,"PK,09,10,11,12",1.0,0.0,89.0,6.0,1.0,4.0,0,98.0,17.0,3,,,,,162.0,27.9,99,17.0,15.0,2.6,0,0.0,167.0,28.7,0.0,0.0,,,51.0,49.0,721-3756
School,4060,721,2019-20,Academy of Richmond County High School,Richmond County,"09,10,11,12",2.0,0.0,73.0,5.0,2.0,18.0,0,98.0,11.3,1,,,,,166.0,15.1,125,11.3,7.0,0.6,0,0.0,592.0,53.7,0.0,0.0,77.0,7.0,50.0,50.0,721-4060
School,4562,721,2019-20,Davidson Magnet School,Richmond County,"06,07,08,09,10,11,12",5.0,0.0,42.0,5.0,4.0,44.0,0,22.0,0.5,0,141.0,37.6,,,45.0,10.1,4,0.5,0.0,0.0,0,0.0,20.0,4.5,0.0,0.0,489.0,59.5,25.0,75.0,721-4562
School,5566,721,2019-20,Laney High School,Richmond County,"PK,09,10,11,12",0.0,0.0,94.0,2.0,1.0,3.0,0,98.0,13.4,0,,,,,93.0,15.0,83,13.4,1.0,0.2,0,0.0,299.0,48.2,0.0,0.0,12.0,1.9,46.0,54.0,721-5566
School,0176,722,2019-20,Heritage High School,Rockdale County,"09,10,11,12",2.0,0.0,63.0,17.0,3.0,15.0,0,56.0,11.3,2,,,,,63.0,3.4,207,11.3,26.0,1.4,0,0.0,1166.0,63.7,342.0,22.8,173.0,9.5,49.0,51.0,722-176
School,0192,722,2019-20,Salem High School,Rockdale County,"09,10,11,12",1.0,0.0,82.0,8.0,3.0,6.0,0,71.0,16.8,3,,,,,0.0,0.0,199,16.8,20.0,1.7,0,0.0,738.0,62.3,217.0,22.6,39.0,3.3,53.0,47.0,722-192
School,3052,722,2019-20,Rockdale County High School,Rockdale County,"09,10,11,12",3.0,0.0,71.0,14.0,3.0,10.0,0,62.0,10.4,2,,,,,0.0,0.0,228,10.4,38.0,1.7,0,0.0,1231.0,56.3,375.0,21.7,312.0,14.3,51.0,49.0,722-3052
School,0101,723,2019-20,Schley Middle High School,Schley County,"06,07,08,09,10,11,12",1.0,0.0,18.0,7.0,3.0,72.0,0,49.0,8.8,0,0.0,0.0,,,0.0,0.0,60,8.8,0.0,0.0,0,0.0,232.0,61.4,3.0,0.5,93.0,13.7,51.0,49.0,723-101
School,4052,724,2019-20,Screven County High School,Screven County,"09,10,11,12",0.0,0.0,46.0,2.0,2.0,49.0,0,76.0,22.8,0,,,,,103.0,18.3,128,22.8,0.0,0.0,0,0.0,490.0,87.2,19.0,4.6,28.0,5.0,49.0,51.0,724-4052
School,0101,726,2019-20,Spalding High School,Griffin-Spalding County,"09,10,11,12",1.0,0.0,36.0,7.0,3.0,53.0,0,52.0,9.6,1,,,,,107.0,8.2,126,9.6,8.0,0.6,0,0.0,660.0,50.5,33.0,3.4,183.0,14.0,49.0,51.0,726-101
School,0187,726,2019-20,Griffin High School,Griffin-Spalding County,"09,10,11,12",1.0,0.0,58.0,9.0,4.0,26.0,0,75.0,13.0,3,,,,,82.0,5.7,188,13.0,25.0,1.7,0,0.0,860.0,59.3,32.0,2.9,97.0,6.7,50.0,50.0,726-187
School,5050,727,2019-20,Stephens County High School,Stephens County,"09,10,11,12",1.0,0.0,13.0,6.0,6.0,74.0,0,46.0,12.1,1,,,,,79.0,7.2,132,12.1,8.0,0.7,0,0.0,733.0,67.2,17.0,2.0,212.0,19.4,52.0,48.0,727-5050
School,0105,729,2019-20,Americus Sumter High School (Old Americus-Sumter HS S),Sumter County,"09,10,11,12",1.0,0.0,81.0,9.0,2.0,7.0,0,100.0,11.7,4,,,,,60.0,8.1,86,11.7,13.0,1.8,0,0.0,472.0,64.0,109.0,21.9,64.0,8.7,48.0,52.0,729-105
School,0194,732,2019-20,Tattnall County High School,Tattnall County,"09,10,11,12",1.0,0.0,25.0,19.0,3.0,53.0,3,90.0,13.4,3,,,,,137.0,13.4,137,13.4,26.0,2.5,0,0.0,860.0,84.1,35.0,4.4,92.0,9.0,50.0,50.0,732-194
School,0201,733,2019-20,Taylor County High School,Taylor County,"09,10,11,12",1.0,0.0,34.0,3.0,1.0,61.0,1,86.0,9.5,1,,,,,22.0,5.7,37,9.5,0.0,0.0,0,0.0,345.0,88.7,7.0,2.5,40.0,10.3,53.0,47.0,733-201
School,0105,735,2019-20,Terrell High School,Terrell County,"09,10,11,12",1.0,0.0,92.0,2.0,0.0,5.0,0,100.0,12.3,0,,,,,130.0,37.2,43,12.3,0.0,0.0,0,0.0,284.0,81.4,3.0,1.2,32.0,9.2,53.0,47.0,735-105
School,0191,736,2019-20,Thomas County Central High School,Thomas County,"09,10,11,12",1.0,0.0,34.0,8.0,3.0,54.0,2,77.0,13.8,1,,,,,277.0,20.0,191,13.8,16.0,1.2,0,0.0,1028.0,74.3,0.0,0.0,142.0,10.3,48.0,52.0,736-191
School,3052,737,2019-20,Northeast Middle School,Tift County,"06,07,08",1.0,0.0,41.0,21.0,3.0,34.0,2,100.0,10.3,13,119.0,14.6,,,,,84,10.3,27.0,3.3,0,0.0,,,45.0,5.5,109.0,13.4,53.0,47.0,737-3052
School,0192,738,2019-20,Toombs County High School,Toombs County,"09,10,11,12",0.0,0.0,17.0,24.0,5.0,54.0,5,100.0,11.5,5,,,,,50.0,6.3,91,11.5,23.0,2.9,0,0.0,534.0,67.6,5.0,0.9,61.0,7.7,52.0,48.0,738-192
School,0204,739,2019-20,Towns County High School,Towns County,"09,10,11,12",2.0,0.0,1.0,5.0,3.0,88.0,0,50.0,11.9,1,,,,,32.0,11.5,33,11.9,1.0,0.4,0,0.0,189.0,68.0,0.0,0.0,9.0,3.2,50.0,50.0,739-204
School,0201,741,2019-20,Callaway High School,Troup County,"09,10,11,12",2.0,0.0,46.0,5.0,5.0,41.0,0,58.0,8.1,2,,,,,87.0,10.5,67,8.1,7.0,0.8,0,0.0,655.0,79.4,3.0,0.5,79.0,9.6,52.0,48.0,741-201
School,0387,741,2019-20,Troup County High School,Troup County,"09,10,11,12",2.0,0.0,36.0,4.0,4.0,55.0,0,50.0,9.1,1,,,,,108.0,8.3,119,9.1,6.0,0.5,0,0.0,925.0,70.9,2.0,0.2,195.0,15.0,50.0,50.0,741-387
School,1052,741,2019-20,LaGrange High School,Troup County,"09,10,11,12",3.0,0.0,43.0,10.0,3.0,40.0,0,54.0,9.3,5,,,,,130.0,10.8,112,9.3,32.0,2.7,0,0.0,724.0,60.3,3.0,0.3,203.0,16.9,52.0,48.0,741-1052
School,0101,744,2019-20,Union County High School,Union County,"09,10,11,12",0.0,0.0,0.0,4.0,3.0,93.0,0,44.0,12.8,0,,,,,136.0,16.7,104,12.8,0.0,0.0,0,0.0,483.0,59.3,58.0,9.2,87.0,10.7,54.0,46.0,744-101
School,0195,745,2019-20,Upson-Lee High School,Thomaston-Upson County,"09,10,11,12",0.0,0.0,35.0,3.0,4.0,58.0,0,69.0,13.9,1,,,,,69.0,5.8,165,13.9,4.0,0.3,0,0.0,796.0,66.9,14.0,1.6,85.0,7.1,50.0,50.0,745-195
School,0198,746,2019-20,LaFayette High School,Walker County,"09,10,11,12",1.0,0.0,4.0,3.0,5.0,87.0,0,61.0,18.7,1,,,,,158.0,14.2,209,18.7,2.0,0.2,0,0.0,664.0,59.6,20.0,2.4,169.0,15.2,51.0,49.0,746-198
School,0111,747,2019-20,Walnut Grove High School,Walton County,"09,10,11,12",1.0,0.0,15.0,7.0,4.0,73.0,0,33.0,9.0,1,,,,,273.0,20.0,122,9.0,12.0,0.9,0,0.0,895.0,65.7,2.0,0.2,277.0,20.3,51.0,49.0,747-111
School,0199,747,2019-20,Loganville High School,Walton County,"09,10,11,12",2.0,1.0,23.0,12.0,3.0,59.0,0,33.0,8.7,4,,,,,505.0,30.0,146,8.7,44.0,2.6,0,0.0,712.0,42.3,6.0,0.5,270.0,16.1,50.0,50.0,747-199
School,0205,747,2019-20,Monroe Area High School,Walton County,"09,10,11,12",3.0,0.0,35.0,6.0,4.0,52.0,0,53.0,11.5,2,,,,,186.0,17.4,123,11.5,16.0,1.5,0,0.0,472.0,44.2,12.0,1.6,153.0,14.3,49.0,51.0,747-205
School,0195,748,2019-20,Ware County High School,Ware County,"09,10,11,12",1.0,0.0,35.0,7.0,3.0,54.0,0,67.0,15.4,1,,,,,228.0,14.6,240,15.4,14.0,0.9,0,0.0,1017.0,65.3,0.0,0.0,236.0,15.2,49.0,51.0,748-195
School,1052,750,2019-20,Washington County High School,Washington County,"09,10,11,12",0.0,0.0,66.0,1.0,3.0,29.0,0,78.0,12.4,0,,,,,130.0,15.0,108,12.4,3.0,0.3,0,0.0,490.0,56.4,35.0,5.3,44.0,5.1,52.0,48.0,750-1052
School,0101,751,2019-20,Wayne County High School,Wayne County,"09,10,11,12",1.0,0.0,22.0,9.0,4.0,64.0,0,57.0,12.4,2,,,,,249.0,16.8,184,12.4,19.0,1.3,0,0.0,876.0,59.2,20.0,1.8,97.0,6.6,51.0,49.0,751-101
School,0108,752,2019-20,Webster County High School,Webster County,"09,10,11,12",0.0,0.0,47.0,10.0,3.0,40.0,0,91.0,13.0,1,,,,,0.0,0.0,10,13.0,0.0,0.0,0,0.0,67.0,87.0,0.0,0.0,3.0,3.9,53.0,47.0,752-108
School,0105,754,2019-20,White County High School,White County,"09,10,11,12",0.0,0.0,2.0,6.0,4.0,88.0,0,47.0,11.4,2,,,,,15.0,1.3,134,11.4,14.0,1.2,0,0.0,765.0,65.0,24.0,2.7,116.0,9.9,53.0,47.0,754-105
School,0112,755,2019-20,Coahulla Creek High School,Whitfield County,"09,10,11,12",1.0,0.0,2.0,34.0,3.0,59.0,0,61.0,12.7,6,,,,,21.0,1.9,139,12.7,50.0,4.6,0,0.0,759.0,69.3,17.0,2.0,177.0,16.1,53.0,47.0,755-112
School,0175,755,2019-20,Northwest Whitfield County High School,Whitfield County,"09,10,11,12",2.0,0.0,1.0,31.0,3.0,63.0,0,49.0,13.3,5,,,,,84.0,6.5,173,13.3,34.0,2.6,0,0.0,927.0,71.3,26.0,2.7,274.0,21.1,52.0,48.0,755-175
School,0275,755,2019-20,Southeast Whitfield County High School,Whitfield County,"09,10,11,12",0.0,1.0,1.0,68.0,2.0,28.0,0,77.0,14.6,14,,,,,146.0,10.4,204,14.6,126.0,9.0,0,0.0,1077.0,76.9,23.0,2.1,157.0,11.2,52.0,48.0,755-275
School,0201,756,2019-20,Wilcox County High School,Wilcox County,"09,10,11,12",0.0,1.0,33.0,5.0,1.0,60.0,0,88.0,15.7,1,,,,,116.0,34.4,53,15.7,0.0,0.0,0,0.0,222.0,65.9,20.0,7.8,17.0,5.0,54.0,46.0,756-201
School,0110,757,2019-20,Washington-Wilkes Comprehensive High School,Wilkes County,"09,10,11,12",1.0,0.0,45.0,9.0,7.0,37.0,0,94.0,11.5,1,,,,,111.0,29.6,43,11.5,0.0,0.0,0,0.0,295.0,78.7,0.0,0.0,62.0,16.5,49.0,51.0,757-110
School,3050,758,2019-20,Wilkinson County High School,Wilkinson County,"09,10,11,12",0.0,0.0,59.0,5.0,6.0,30.0,0,89.0,7.8,1,,,,,71.0,19.9,28,7.8,2.0,0.6,0,0.0,215.0,60.2,3.0,1.1,7.0,2.0,53.0,47.0,758-3050
School,0176,759,2019-20,Worth County High School,Worth County,"09,10,11,12",1.0,0.0,32.0,3.0,3.0,62.0,0,100.0,8.2,1,,,,,67.0,8.2,67,8.2,0.0,0.0,0,0.0,566.0,69.0,0.0,0.0,54.0,6.6,49.0,51.0,759-176
School,0106,761,2019-20,Early College High School at Carver,Atlanta Public Schools,"09,10,11,12",0.0,0.0,96.0,3.0,1.0,0.0,0,79.0,9.5,1,,,,,18.0,3.8,45,9.5,1.0,0.2,0,0.0,242.0,51.1,11.0,2.8,49.0,10.3,46.0,54.0,761-106
School,0182,761,2019-20,Mays High School,Atlanta Public Schools,"09,10,11,12",0.0,0.0,93.0,6.0,0.0,0.0,0,79.0,14.7,4,,,,,67.0,5.3,185,14.7,45.0,3.6,0,0.0,765.0,60.9,26.0,2.7,94.0,7.5,50.0,50.0,761-182
School,0186,761,2019-20,"Maynard H. Jackson, Jr. High School",Atlanta Public Schools,"09,10,11,12",1.0,0.0,77.0,6.0,3.0,13.0,0,79.0,16.1,2,,,,,335.0,24.6,219,16.1,23.0,1.7,0,0.0,540.0,39.7,25.0,2.3,183.0,13.4,51.0,49.0,761-186
School,0192,761,2019-20,North Atlanta High School,Atlanta Public Schools,"09,10,11,12",2.0,0.0,35.0,24.0,3.0,36.0,0,79.0,8.1,7,,,,,167.0,7.9,173,8.1,130.0,6.1,0,0.0,819.0,38.5,5.0,0.3,604.0,28.4,48.0,52.0,761-192
School,0315,761,2019-20,Booker T. Washington High School,Atlanta Public Schools,"09,10,11,12",0.0,0.0,97.0,2.0,0.0,0.0,0,79.0,17.4,1,,,,,151.0,20.4,129,17.4,5.0,0.7,0,0.0,251.0,33.9,11.0,1.8,22.0,3.0,51.0,49.0,761-315
School,0515,761,2019-20,Charles Drew Charter School JA/SA,Atlanta Public Schools,"06,07,08,09,10,11,12",1.0,0.0,81.0,3.0,3.0,11.0,0,79.0,12.8,0,86.0,20.6,,,74.0,15.8,113,12.8,0.0,0.0,0,0.0,224.0,47.9,0.0,0.0,187.0,21.1,50.0,50.0,761-515
School,4058,761,2019-20,Douglass High School,Atlanta Public Schools,"09,10,11,12",0.0,0.0,95.0,5.0,0.0,0.0,0,79.0,18.8,2,,,,,266.0,25.1,199,18.8,15.0,1.4,0,0.0,454.0,42.9,10.0,1.3,40.0,3.8,52.0,48.0,761-4058
School,4560,761,2019-20,Grady High School,Atlanta Public Schools,"09,10,11,12",3.0,0.0,40.0,7.0,5.0,45.0,0,79.0,7.2,2,,,,,92.0,6.2,106,7.2,17.0,1.2,0,0.0,802.0,54.4,6.0,0.5,545.0,37.0,49.0,51.0,761-4560
School,0201,763,2019-20,Bremen High School,Bremen City,"09,10,11,12",3.0,0.0,5.0,2.0,2.0,88.0,0,14.0,7.6,0,,,,,38.0,5.4,54,7.6,0.0,0.0,0,0.0,267.0,37.7,6.0,1.1,169.0,23.9,47.0,53.0,763-201
School,0191,764,2019-20,Buford High School,Buford City,"09,10,11,12",3.0,0.0,13.0,26.0,5.0,52.0,0,31.0,8.6,5,,,,,147.0,9.5,133,8.6,41.0,2.7,0,0.0,1146.0,74.3,2.0,0.2,321.0,20.8,52.0,48.0,764-191
School,3050,765,2019-20,Calhoun High School,Calhoun City,"09,10,11,12",3.0,0.0,5.0,37.0,3.0,51.0,0,49.0,8.1,7,,,,,145.0,11.9,98,8.1,61.0,5.0,0,0.0,1077.0,88.5,0.0,0.0,169.0,13.9,55.0,45.0,765-3050
School,1050,766,2019-20,Carrollton High School,Carrollton City,"09,10,11,12",2.0,0.0,30.0,17.0,5.0,45.0,0,43.0,10.2,5,,,,,257.0,15.1,174,10.2,60.0,3.5,0,0.0,711.0,41.9,50.0,3.8,405.0,23.9,48.0,52.0,766-1050
School,2050,767,2019-20,Cartersville High School,Cartersville City,"09,10,11,12",3.0,0.0,21.0,18.0,4.0,54.0,0,43.0,8.2,6,,,,,227.0,15.5,121,8.2,67.0,4.6,0,0.0,936.0,63.8,19.0,1.7,213.0,14.5,51.0,49.0,767-2050
School,0112,771,2019-20,Commerce High School,Commerce City,"09,10,11,12",1.0,0.0,8.0,14.0,4.0,73.0,0,45.0,10.4,5,,,,,90.0,19.6,48,10.4,11.0,2.4,0,0.0,262.0,57.0,0.0,0.0,66.0,14.3,53.0,47.0,771-112
School,4050,772,2019-20,Dalton High School,Dalton Public Schools,"09,10,11,12",3.0,0.0,5.0,69.0,3.0,21.0,0,73.0,10.0,10,,,,,0.0,0.0,204,10.0,115.0,5.6,0,0.0,1401.0,68.3,9.0,0.6,269.0,13.1,50.0,50.0,772-4050
School,3050,773,2019-20,Decatur High School,Decatur City,"09,10,11,12",4.0,0.0,25.0,6.0,6.0,60.0,0,12.0,9.4,2,,,,,87.0,5.6,146,9.4,8.0,0.5,0,0.0,893.0,57.4,0.0,0.0,506.0,32.5,52.0,48.0,773-3050
School,0211,774,2019-20,Dublin High School,Dublin City,"09,10,11,12",1.0,0.0,92.0,2.0,2.0,3.0,0,100.0,12.3,1,,,,,27.0,5.3,63,12.3,3.0,0.6,0,0.0,293.0,57.3,0.0,0.0,26.0,5.1,48.0,52.0,774-211
School,3050,776,2019-20,Gainesville High School,Gainesville City,"09,10,11,12",4.0,0.0,17.0,63.0,2.0,14.0,2,57.0,6.9,29,,,,,531.0,23.7,155,6.9,408.0,18.2,0,0.0,1063.0,47.5,23.0,1.3,216.0,9.6,51.0,49.0,776-3050
School,0174,779,2019-20,Jefferson High School,Jefferson City,"09,10,11,12",2.0,0.0,9.0,9.0,3.0,78.0,0,19.0,8.2,2,,,,,10.0,0.8,97,8.2,12.0,1.0,0,0.0,648.0,54.7,5.0,0.6,209.0,17.7,50.0,50.0,779-174
School,0101,781,2019-20,Marietta High School,Marietta City,"09,10,11,12",2.0,0.0,37.0,39.0,3.0,19.0,0,53.0,10.1,13,,,,,1021.0,40.5,254,10.1,249.0,9.9,0,0.0,1337.0,53.1,95.0,4.9,375.0,14.9,50.0,50.0,781-101
School,0412,7820412,2019-20,Georgia Connections Academy,State Charter Schools- Georgia Connections Academy,"05,06,07,08,09,10,11,12",2.0,0.0,35.0,9.0,6.0,47.0,0,41.0,12.1,1,0.0,0.0,0.0,0.0,312.0,12.7,563,12.1,26.0,0.6,0,0.0,698.0,28.5,0.0,0.0,122.0,2.6,44.0,56.0,7820412-412
School,0111,784,2019-20,Pelham High School,Pelham City,"09,10,11,12",0.0,0.0,53.0,4.0,1.0,41.0,1,100.0,14.2,1,,,,,40.0,10.0,57,14.2,0.0,0.0,0,0.0,232.0,57.7,5.0,1.7,29.0,7.2,51.0,49.0,784-111
School,0193,785,2019-20,Rome High School,Rome City,"09,10,11,12",3.0,0.0,31.0,35.0,3.0,27.0,0,66.0,9.1,10,,,,,188.0,9.8,175,9.1,158.0,8.3,0,0.0,1319.0,68.9,51.0,3.5,213.0,11.1,51.0,49.0,785-193
School,4052,789,2019-20,Thomasville High School,Thomasville City,"09,10,11,12",0.0,0.0,59.0,2.0,1.0,37.0,0,56.0,12.2,1,,,,,131.0,17.3,92,12.2,3.0,0.4,0,0.0,313.0,41.4,50.0,8.6,71.0,9.4,52.0,48.0,789-4052
School,0301,791,2019-20,Trion High School,Trion City,"09,10,11,12",1.0,0.0,1.0,18.0,2.0,79.0,0,38.0,5.1,3,,,,,9.0,2.4,19,5.1,9.0,2.4,0,0.0,310.0,82.7,0.0,0.0,81.0,21.6,54.0,46.0,791-301
School,0273,792,2019-20,Valdosta High School,Valdosta City,"09,10,11,12",2.0,0.0,72.0,5.0,3.0,18.0,0,95.0,11.1,2,,,,,449.0,21.3,235,11.1,28.0,1.3,0,0.0,942.0,44.6,173.0,10.7,117.0,5.5,48.0,52.0,792-273
School,0273,793,2019-20,Vidalia Comprehensive High School,Vidalia City,"09,10,11,12",2.0,0.0,45.0,6.0,3.0,44.0,0,53.0,11.8,1,,,,,43.0,5.9,86,11.8,0.0,0.0,0,0.0,429.0,58.9,13.0,2.4,21.0,2.9,47.0,53.0,793-273
